name,mass (g),fall,year,reclat,reclong,GeoLocation,State,Country
Abee,107000.0,Fell,1952.0,54.21667,-113.0,"(54.21667, -113.0)",Alberta,Canada
Allegan,32000.0,Fell,1899.0,42.53333,-85.88333,"(42.53333, -85.88333)",Michigan,United States
Andover,3200.0,Fell,1898.0,44.61667,-70.75,"(44.61667, -70.75)",Maine,United States
Archie,5070.0,Fell,1932.0,38.5,-94.3,"(38.5, -94.3)",Missouri,United States
Atemajac,94.2,Fell,1896.0,20.06667,-103.66667,"(20.06667, -103.66667)",Jalisco,México
Athens,265.0,Fell,1933.0,34.75,-87.0,"(34.75, -87.0)",Alabama,United States
Atoka,1384.2,Fell,1945.0,34.31667,-96.15,"(34.31667, -96.15)",Oklahoma,United States
Avilez,146.0,Fell,1855.0,25.0,-103.5,"(25.0, -103.5)",Durango,México
Aztec,2830.0,Fell,1938.0,36.8,-108.0,"(36.8, -108.0)",New Mexico,United States
Bald Mountain,3700.0,Fell,1929.0,35.96667,-82.48333,"(35.96667, -82.48333)",North Carolina,United States
Baldwyn,345.0,Fell,1922.0,34.5,-88.66667,"(34.5, -88.66667)",Mississippi,United States
Bath,21000.0,Fell,1892.0,45.41667,-98.31667,"(45.41667, -98.31667)",South Dakota,United States
Bath Furnace,86000.0,Fell,1902.0,38.25,-83.75,"(38.25, -83.75)",Kentucky,United States
Baxter,611.0,Fell,1916.0,36.75,-93.5,"(36.75, -93.5)",Missouri,United States
Beardsley,16000.0,Fell,1929.0,39.8,-101.2,"(39.8, -101.2)",Kansas,United States
Beaver Creek,14000.0,Fell,1893.0,51.16667,-117.33333,"(51.16667, -117.33333)",British Columbia,Canada
Bells,375.0,Fell,1961.0,33.6,-96.46667,"(33.6, -96.46667)",Texas,United States
Benld,1770.5,Fell,1938.0,39.08333,-89.15,"(39.08333, -89.15)",Illinois,United States
Benton,2840.0,Fell,1949.0,45.95,-67.55,"(45.95, -67.55)",New Brunswick / Nouveau-Brunswick,Canada
Bethlehem,13.9,Fell,1859.0,42.53333,-73.83333,"(42.53333, -73.83333)",New York,United States
Bishopville,6000.0,Fell,1843.0,34.16667,-80.28333,"(34.16667, -80.28333)",South Carolina,United States
Black Moshannan Park,705.0,Fell,1941.0,40.91667,-78.08333,"(40.91667, -78.08333)",Pennsylvania,United States
Blackwell,2381.0,Fell,1906.0,36.83333,-97.33333,"(36.83333, -97.33333)",Oklahoma,United States
Blanket,5100.0,Fell,1909.0,31.83333,-98.83333,"(31.83333, -98.83333)",Texas,United States
Bloomington,67.8,Fell,1938.0,40.48,-89.00417,"(40.48, -89.00417)",Illinois,United States
Bocas,56.0,Fell,1804.0,23.0,-102.0,"(23.0, -102.0)",San Luis Potosí,México
Bradford Woods,762.0,Fell,1886.0,40.5,-80.08333,"(40.5, -80.08333)",Pennsylvania,United States
Bruderheim,303000.0,Fell,1960.0,53.9,-112.88333,"(53.9, -112.88333)",Alberta,Canada
Cabin Creek,48500.0,Fell,1886.0,35.5,-93.5,"(35.5, -93.5)",Arkansas,United States
Cape Girardeau,2300.0,Fell,1846.0,37.26667,-89.58333,"(37.26667, -89.58333)",Missouri,United States
Castalia,7300.0,Fell,1874.0,36.08333,-78.06667,"(36.08333, -78.06667)",North Carolina,United States
Castine,94.0,Fell,1848.0,44.38333,-68.75,"(44.38333, -68.75)",Maine,United States
Caswell County,1360.0,Fell,1810.0,36.5,-79.25,"(36.5, -79.25)",North Carolina,United States
Centerville,45.6,Fell,1956.0,43.2,-96.91667,"(43.2, -96.91667)",South Dakota,United States
Charlotte,4300.0,Fell,1835.0,36.16667,-87.33333,"(36.16667, -87.33333)",Tennessee,United States
Cherokee Springs,8400.0,Fell,1933.0,35.03333,-81.88333,"(35.03333, -81.88333)",South Carolina,United States
Chicora,303.0,Fell,1938.0,40.93333,-79.73333,"(40.93333, -79.73333)",Pennsylvania,United States
Colby (Wisconsin),104000.0,Fell,1917.0,44.9,-90.28333,"(44.9, -90.28333)",Wisconsin,United States
Cosina,1200.0,Fell,1844.0,21.16667,-100.86667,"(21.16667, -100.86667)",Guanajuato,México
Crescent,78.4,Fell,1936.0,35.95,-97.58333,"(35.95, -97.58333)",Oklahoma,United States
Cross Roads,167.0,Fell,1892.0,35.63333,-78.13333,"(35.63333, -78.13333)",North Carolina,United States
Cumberland Falls,17000.0,Fell,1919.0,36.83333,-84.35,"(36.83333, -84.35)",Kentucky,United States
Cynthiana,6000.0,Fell,1877.0,38.4,-84.25,"(38.4, -84.25)",Kentucky,United States
Danville,2000.0,Fell,1868.0,34.4,-87.06667,"(34.4, -87.06667)",Alabama,United States
De Cewsville,340.0,Fell,1887.0,43.0,-80.0,"(43.0, -80.0)",Ontario,Canada
Deal,28.0,Fell,1829.0,40.25,-74.0,"(40.25, -74.0)",New Jersey,United States
Drake Creek,5000.0,Fell,1827.0,36.4,-86.5,"(36.4, -86.5)",Tennessee,United States
Dresden (Ontario),47700.0,Fell,1939.0,42.52,-82.26,"(42.52, -82.26)",Ontario,Canada
Eagle,10000.0,Fell,1947.0,40.78167,-96.47167,"(40.78167, -96.47167)",Nebraska,United States
Estherville,320000.0,Fell,1879.0,43.41667,-94.83333,"(43.41667, -94.83333)",Iowa,United States
Farmington,89400.0,Fell,1890.0,39.75,-97.03333,"(39.75, -97.03333)",Kansas,United States
Farmville,56000.0,Fell,1934.0,35.55,-77.53333,"(35.55, -77.53333)",North Carolina,United States
Fayetteville,2360.0,Fell,1934.0,36.05,-94.16667,"(36.05, -94.16667)",Arkansas,United States
Felix,3200.0,Fell,1900.0,32.53333,-87.16667,"(32.53333, -87.16667)",Alabama,United States
Ferguson,220.0,Fell,1889.0,36.1,-81.41667,"(36.1, -81.41667)",North Carolina,United States
Fisher,17600.0,Fell,1894.0,47.81667,-96.85,"(47.81667, -96.85)",Minnesota,United States
Florence,3640.0,Fell,1922.0,30.83333,-97.76667,"(30.83333, -97.76667)",Texas,United States
Forest City,152000.0,Fell,1890.0,43.25,-93.66667,"(43.25, -93.66667)",Iowa,United States
Forksville,6067.0,Fell,1924.0,36.78333,-78.08333,"(36.78333, -78.08333)",Virginia,United States
Forsyth,16300.0,Fell,1829.0,33.01667,-83.96667,"(33.01667, -83.96667)",Georgia,United States
Frankfort (stone),650.0,Fell,1868.0,34.48333,-87.83333,"(34.48333, -87.83333)",Alabama,United States
Garland,102.0,Fell,1950.0,41.68333,-112.13333,"(41.68333, -112.13333)",Utah,United States
Hamlet,3710.0,Fell,1959.0,41.38333,-86.6,"(41.38333, -86.6)",Indiana,United States
Harleton,8360.0,Fell,1961.0,32.675,-94.51167,"(32.675, -94.51167)",Texas,United States
Harrison County,680.0,Fell,1859.0,38.25,-86.16667,"(38.25, -86.16667)",Indiana,United States
Holbrook,220000.0,Fell,1912.0,34.9,-110.18333,"(34.9, -110.18333)",Arizona,United States
Homestead,230000.0,Fell,1875.0,41.8,-91.86667,"(41.8, -91.86667)",Iowa,United States
Honolulu,2420.0,Fell,1825.0,21.3,-157.86667,"(21.3, -157.86667)",Hawaii,United States
Hoxie,266.1,Fell,1963.0,39.35,-100.45,"(39.35, -100.45)",Kansas,United States
Independence,880.0,Fell,1917.0,39.08333,-94.4,"(39.08333, -94.4)",Missouri,United States
Johnstown,40300.0,Fell,1924.0,40.35,-104.9,"(40.35, -104.9)",Colorado,United States
Kendleton,6937.0,Fell,1939.0,29.45,-96.0,"(29.45, -96.0)",Texas,United States
Kilbourn,772.0,Fell,1911.0,43.58333,-89.6,"(43.58333, -89.6)",Wisconsin,United States
Kirbyville,97.7,Fell,1906.0,30.75,-95.95,"(30.75, -95.95)",Texas,United States
La Charca,399.0,Fell,1878.0,20.66667,-101.28333,"(20.66667, -101.28333)",Guanajuato,México
Leedey,51500.0,Fell,1943.0,35.88333,-99.33333,"(35.88333, -99.33333)",Oklahoma,United States
Leighton,877.0,Fell,1907.0,34.58333,-87.5,"(34.58333, -87.5)",Alabama,United States
Little Piney,491.0,Fell,1839.0,37.91667,-92.08333,"(37.91667, -92.08333)",Missouri,United States
Lumpkin,340.0,Fell,1869.0,32.03333,-84.76667,"(32.03333, -84.76667)",Georgia,United States
Malaga,150.0,Fell,1933.0,32.21667,-104.0,"(32.21667, -104.0)",New Mexico,United States
Mariaville,340.0,Fell,1898.0,42.71667,-99.38333,"(42.71667, -99.38333)",Nebraska,United States
Marion (Iowa),28400.0,Fell,1847.0,41.9,-91.6,"(41.9, -91.6)",Iowa,United States
Mazapil,4000.0,Fell,1885.0,24.68333,-101.68333,"(24.68333, -101.68333)",Zacatecas,México
Miller (Arkansas),16700.0,Fell,1930.0,35.4,-92.05,"(35.4, -92.05)",Arkansas,United States
Modoc (1905),35000.0,Fell,1905.0,38.5,-101.1,"(38.5, -101.1)",Kansas,United States
Monroe,8600.0,Fell,1849.0,35.25,-80.5,"(35.25, -80.5)",North Carolina,United States
Moore County,1880.0,Fell,1913.0,35.41667,-79.38333,"(35.41667, -79.38333)",North Carolina,United States
Murray,12600.0,Fell,1950.0,36.6,-88.1,"(36.6, -88.1)",Kentucky,United States
Nanjemoy,7500.0,Fell,1825.0,38.41667,-77.16667,"(38.41667, -77.16667)",Maryland,United States
New Concord,230000.0,Fell,1860.0,40.0,-81.76667,"(40.0, -81.76667)",Ohio,United States
Nobleborough,2300.0,Fell,1823.0,44.08333,-69.48333,"(44.08333, -69.48333)",Maine,United States
Norfork,1050.0,Fell,1918.0,36.21667,-92.26667,"(36.21667, -92.26667)",Arkansas,United States
Norton County,1100000.0,Fell,1948.0,39.68333,-99.86667,"(39.68333, -99.86667)",Kansas,United States
Ottawa,840.0,Fell,1896.0,38.6,-95.21667,"(38.6, -95.21667)",Kansas,United States
Pacula,3400.0,Fell,1881.0,21.05,-99.3,"(21.05, -99.3)",Hidalgo,México
Palmyra,135.0,Fell,1926.0,39.8,-91.5,"(39.8, -91.5)",Missouri,United States
Palolo Valley,682.0,Fell,1949.0,21.3,-157.78333,"(21.3, -157.78333)",Hawaii,United States
Paragould,408000.0,Fell,1930.0,36.06667,-90.5,"(36.06667, -90.5)",Arkansas,United States
Pasamonte,5100.0,Fell,1933.0,36.21667,-103.4,"(36.21667, -103.4)",New Mexico,United States
Peace River,45760.0,Fell,1963.0,56.13333,-117.93333,"(56.13333, -117.93333)",Alberta,Canada
Peña Blanca Spring,70000.0,Fell,1946.0,30.125,-103.11667,"(30.125, -103.11667)",Texas,United States
Petersburg,1800.0,Fell,1855.0,35.3,-86.63333,"(35.3, -86.63333)",Tennessee,United States
Phillips County (stone),57900.0,Fell,1901.0,40.0,-99.25,"(40.0, -99.25)",Kansas,United States
Pitts,3760.0,Fell,1921.0,31.95,-83.51667,"(31.95, -83.51667)",Georgia,United States
Plantersville,2085.0,Fell,1930.0,30.7,-96.11667,"(30.7, -96.11667)",Texas,United States
Pricetown,900.0,Fell,1893.0,39.11667,-83.85,"(39.11667, -83.85)",Ohio,United States
Rancho de la Presa,300.0,Fell,1899.0,19.86667,-100.81667,"(19.86667, -100.81667)",Michoacán,México
Rich Mountain,668.0,Fell,1903.0,35.03333,-83.03333,"(35.03333, -83.03333)",North Carolina,United States
Richardton,90000.0,Fell,1918.0,46.88333,-102.31667,"(46.88333, -102.31667)",North Dakota,United States
Richmond,1800.0,Fell,1828.0,37.46667,-77.5,"(37.46667, -77.5)",Virginia,United States
Rochester,340.0,Fell,1876.0,41.08333,-86.28333,"(41.08333, -86.28333)",Indiana,United States
Rose City,10600.0,Fell,1921.0,44.51667,-83.95,"(44.51667, -83.95)",Michigan,United States
Santa Cruz,60.0,Fell,1939.0,24.16667,-99.33333,"(24.16667, -99.33333)",Tamaulipas,México
Searsmont,5400.0,Fell,1871.0,44.36667,-69.2,"(44.36667, -69.2)",Maine,United States
Sharps,1265.0,Fell,1921.0,37.83333,-76.7,"(37.83333, -76.7)",Virginia,United States
Shelburne,18600.0,Fell,1904.0,44.05,-80.16667,"(44.05, -80.16667)",Ontario,Canada
Sioux County,4100.0,Fell,1933.0,42.58333,-103.66667,"(42.58333, -103.66667)",Nebraska,United States
St. Louis,1000.0,Fell,1950.0,38.7,-90.23333,"(38.7, -90.23333)",Missouri,United States
St. Mary's County,24.3,Fell,1919.0,38.16667,-76.38333,"(38.16667, -76.38333)",Maryland,United States
Success,3500.0,Fell,1924.0,36.48333,-90.66667,"(36.48333, -90.66667)",Arkansas,United States
Sylacauga,5560.0,Fell,1954.0,33.18836,-86.2945,"(33.18836, -86.2945)",Alabama,United States
Tilden,74800.0,Fell,1927.0,38.2,-89.68333,"(38.2, -89.68333)",Illinois,United States
Tomatlan,900.0,Fell,1879.0,20.16667,-105.21667,"(20.16667, -105.21667)",Jalisco,México
Torrington,259.1,Fell,1944.0,42.06667,-104.16667,"(42.06667, -104.16667)",Wyoming,United States
Troup,1020.0,Fell,1917.0,32.16667,-95.1,"(32.16667, -95.1)",Texas,United States
Vernon County,1500.0,Fell,1865.0,43.5,-91.16667,"(43.5, -91.16667)",Wisconsin,United States
Walters,28100.0,Fell,1946.0,34.33333,-98.3,"(34.33333, -98.3)",Oklahoma,United States
Warrenton,1600.0,Fell,1877.0,38.68333,-91.15,"(38.68333, -91.15)",Missouri,United States
Washougal,225.0,Fell,1939.0,45.58333,-122.35,"(45.58333, -122.35)",Washington,United States
Weston,150000.0,Fell,1807.0,41.266667,-73.266667,"(41.266667, -73.266667)",Connecticut,United States
Yorktown (New York),250.0,Fell,1869.0,41.28333,-73.81667,"(41.28333, -73.81667)",New York,United States
Abbott,21100.0,Found,1951.0,36.3,-104.28333,"(36.3, -104.28333)",New Mexico,United States
Abernathy,2914.0,Found,1941.0,33.85,-101.8,"(33.85, -101.8)",Texas,United States
Achilles,16000.0,Found,1924.0,39.77667,-100.81333,"(39.77667, -100.81333)",Kansas,United States
Acme,75000.0,Found,1947.0,33.63333,-104.26667,"(33.63333, -104.26667)",New Mexico,United States
Acomita,3956.0,Found,1962.0,35.05,-107.56667,"(35.05, -107.56667)",New Mexico,United States
Adams County,5700.0,Found,1928.0,39.96667,-103.76667,"(39.96667, -103.76667)",Colorado,United States
Admire,180000.0,Found,1881.0,38.7,-96.1,"(38.7, -96.1)",Kansas,United States
Adrian,22600.0,Found,1936.0,35.15,-102.71667,"(35.15, -102.71667)",Texas,United States
Ahumada,52600.0,Found,1909.0,30.7,-105.5,"(30.7, -105.5)",Chihuahua,México
Aiken,956.0,Found,1936.0,34.2,-101.5,"(34.2, -101.5)",Texas,United States
Ainsworth,80650.0,Found,1907.0,42.6,-99.8,"(42.6, -99.8)",Nebraska,United States
Akron (1940),1050.0,Found,1940.0,40.15,-103.16667,"(40.15, -103.16667)",Colorado,United States
Akron (1961),4000.0,Found,1961.0,40.15,-103.16667,"(40.15, -103.16667)",Colorado,United States
Alamogordo,13600.0,Found,1938.0,32.9,-105.93333,"(32.9, -105.93333)",New Mexico,United States
Alamosa,1800.0,Found,1937.0,37.46667,-105.86667,"(37.46667, -105.86667)",Colorado,United States
Albin (pallasite),37600.0,Found,1915.0,41.5,-104.1,"(41.5, -104.1)",Wyoming,United States
Albin (stone),15400.0,Found,1949.0,41.41667,-104.1,"(41.41667, -104.1)",Wyoming,United States
Alexander County,192.0,Found,1875.0,35.75,-81.25,"(35.75, -81.25)",North Carolina,United States
Algoma,4100.0,Found,1887.0,44.65,-87.46667,"(44.65, -87.46667)",Wisconsin,United States
Allen,1407.0,Found,1923.0,33.1,-96.7,"(33.1, -96.7)",Texas,United States
Almelo Township,3180.0,Found,1949.0,39.6,-100.11667,"(39.6, -100.11667)",Kansas,United States
Altonah,21500.0,Found,1932.0,40.56667,-110.48333,"(40.56667, -110.48333)",Utah,United States
Amber,4532.0,Found,1934.0,35.16667,-97.88333,"(35.16667, -97.88333)",Oklahoma,United States
Ameca-Ameca,1.2,Found,1889.0,20.58333,-104.06667,"(20.58333, -104.06667)",Jalisco,México
Amherst,8500.0,Found,1947.0,40.8,-99.2,"(40.8, -99.2)",Nebraska,United States
Angelica,14800.0,Found,1916.0,44.25,-88.25,"(44.25, -88.25)",Wisconsin,United States
Annaheim,13500.0,Found,1916.0,52.33333,-104.86667,"(52.33333, -104.86667)",Saskatchewan,Canada
Anoka,1108.0,Found,1961.0,45.2,-93.43333,"(45.2, -93.43333)",Minnesota,United States
Anthony,20000.0,Found,1919.0,37.08333,-98.05,"(37.08333, -98.05)",Kansas,United States
Apex,6.1,Found,1938.0,39.75,-105.2,"(39.75, -105.2)",Colorado,United States
Apoala,85000.0,Found,1889.0,17.7,-97.0,"(17.7, -97.0)",Oaxaca,México
Arapahoe,19083.0,Found,1940.0,38.8,-102.2,"(38.8, -102.2)",Colorado,United States
Arcadia,19400.0,Found,1937.0,41.41667,-99.1,"(41.41667, -99.1)",Nebraska,United States
Argonia,84.0,Found,1940.0,37.26667,-97.76667,"(37.26667, -97.76667)",Kansas,United States
Arispe,683000.0,Found,1896.0,30.33333,-109.98333,"(30.33333, -109.98333)",Sonora,México
Arlington,8940.0,Found,1894.0,44.6,-94.1,"(44.6, -94.1)",Minnesota,United States
Arriba,31100.0,Found,1936.0,39.3,-103.25,"(39.3, -103.25)",Colorado,United States
Asheville,800.0,Found,1839.0,35.58333,-82.53333,"(35.58333, -82.53333)",North Carolina,United States
Ashfork,27000.0,Found,1901.0,35.25,-112.5,"(35.25, -112.5)",Arizona,United States
Atlanta,5500.0,Found,1938.0,31.8,-92.75,"(31.8, -92.75)",Louisiana,United States
Atwood,2100.0,Found,1963.0,40.51667,-103.26667,"(40.51667, -103.26667)",Colorado,United States
Auburn,3630.0,Found,1867.0,32.63333,-85.5,"(32.63333, -85.5)",Alabama,United States
Augusta County,76000.0,Found,1858.0,38.16667,-79.08333,"(38.16667, -79.08333)",Virginia,United States
Aurora,1000.0,Found,1938.0,36.33333,-105.05,"(36.33333, -105.05)",New Mexico,United States
Axtell,6200.0,Found,1943.0,31.66,-96.97167,"(31.66, -96.97167)",Texas,United States
Babb's Mill (Blake's Iron),136000.0,Found,1876.0,36.3,-82.88333,"(36.3, -82.88333)",Tennessee,United States
Babb's Mill (Troost's Iron),6400.0,Found,1842.0,36.3,-82.88333,"(36.3, -82.88333)",Tennessee,United States
Bacubirito,22000000.0,Found,1863.0,26.2,-107.83333,"(26.2, -107.83333)",Chihuahua,México
Bagdad,2200.0,Found,1959.0,34.613317,-113.398967,"(34.613317, -113.398967)",Arizona,United States
Bald Eagle,3200.0,Found,1891.0,41.28333,-77.05,"(41.28333, -77.05)",Pennsylvania,United States
Ballinger,1250.0,Found,1927.0,31.76667,-99.98333,"(31.76667, -99.98333)",Texas,United States
Bartlett,8590.0,Found,1938.0,30.83333,-97.5,"(30.83333, -97.5)",Texas,United States
Barwise,10400.0,Found,1950.0,34.0,-101.5,"(34.0, -101.5)",Texas,United States
Batesland,2500.0,Found,1961.0,43.13333,-102.1,"(43.13333, -102.1)",South Dakota,United States
Bear Creek,227000.0,Found,1866.0,39.6,-105.3,"(39.6, -105.3)",Colorado,United States
Bear Lodge,48500.0,Found,1931.0,44.5,-104.2,"(44.5, -104.2)",Wyoming,United States
Beaver,25628.0,Found,1940.0,36.8,-100.53333,"(36.8, -100.53333)",Oklahoma,United States
Beeler,11620.0,Found,1924.0,38.53333,-100.21667,"(38.53333, -100.21667)",Kansas,United States
Beenham,44400.0,Found,1937.0,36.21667,-103.65,"(36.21667, -103.65)",New Mexico,United States
Bella Roca,33000.0,Found,1888.0,24.9,-105.4,"(24.9, -105.4)",Durango,México
Belle Plaine,78800.0,Found,1950.0,37.31667,-97.25,"(37.31667, -97.25)",Kansas,United States
Belly River,7900.0,Found,1943.0,49.5,-113.0,"(49.5, -113.0)",Alberta,Canada
Belmont,25300.0,Found,1958.0,42.73333,-90.35,"(42.73333, -90.35)",Wisconsin,United States
Bennett County,89000.0,Found,1934.0,43.5,-101.25,"(43.5, -101.25)",South Dakota,United States
Bethune,67.0,Found,1941.0,39.3,-102.41667,"(39.3, -102.41667)",Colorado,United States
Billings,24500.0,Found,1903.0,37.06667,-93.55,"(37.06667, -93.55)",Missouri,United States
Bishop Canyon,8600.0,Found,1912.0,38.0,-108.5,"(38.0, -108.5)",Colorado,United States
Bison,11000.0,Found,1958.0,38.30667,-99.71,"(38.30667, -99.71)",Kansas,United States
Black Mountain,800.0,Found,1839.0,35.58333,-82.35,"(35.58333, -82.35)",North Carolina,United States
Blithfield,1830.0,Found,1910.0,45.5,-77.0,"(45.5, -77.0)",Ontario,Canada
Bluewater,9540.0,Found,1946.0,35.26667,-107.96667,"(35.26667, -107.96667)",New Mexico,United States
Bluff (a),153300.0,Found,1878.0,29.87861,-96.87222,"(29.87861, -96.87222)",Texas,United States
Bluff (b),16000.0,Found,1917.0,29.86306,-96.92667,"(29.86306, -96.92667)",Texas,United States
Boerne,1100.0,Found,1932.0,29.8,-98.8,"(29.8, -98.8)",Texas,United States
Bonita Springs,41800.0,Found,1938.0,26.26667,-81.75,"(26.26667, -81.75)",Florida,United States
Borrego,2126.0,Found,1930.0,33.26667,-116.38333,"(33.26667, -116.38333)",California,United States
Botetourt County,500.0,Found,1850.0,37.5,-79.75,"(37.5, -79.75)",Virginia,United States
Bowesmont,2270.0,Found,1962.0,48.68333,-97.16667,"(48.68333, -97.16667)",North Dakota,United States
Brady,927.0,Found,1937.0,31.05,-99.46667,"(31.05, -99.46667)",Texas,United States
Brenham,4300000.0,Found,1882.0,37.5825,-99.16361,"(37.5825, -99.16361)",Kansas,United States
Brewster,17000.0,Found,1940.0,39.25,-101.33333,"(39.25, -101.33333)",Kansas,United States
Bridgewater,13600.0,Found,1890.0,35.71667,-81.86667,"(35.71667, -81.86667)",North Carolina,United States
Briggsdale,2230.0,Found,1949.0,40.66667,-104.31667,"(40.66667, -104.31667)",Colorado,United States
Briscoe,1773.0,Found,1940.0,34.35,-101.4,"(34.35, -101.4)",Texas,United States
Bristol,20000.0,Found,1937.0,36.56667,-82.18333,"(36.56667, -82.18333)",Tennessee,United States
Broken Bow,6800.0,Found,1937.0,41.43333,-99.7,"(41.43333, -99.7)",Nebraska,United States
Brownfield (1937),40960.0,Found,1937.0,33.21667,-102.18333,"(33.21667, -102.18333)",Texas,United States
Brownfield (iron),1626.0,Found,1960.0,33.21667,-102.18333,"(33.21667, -102.18333)",Texas,United States
Bruno,13000.0,Found,1931.0,52.26667,-105.35,"(52.26667, -105.35)",Saskatchewan,Canada
Burdett,8600.0,Found,1940.0,38.23333,-99.53333,"(38.23333, -99.53333)",Kansas,United States
Burkett,8400.0,Found,1913.0,32.03333,-99.25,"(32.03333, -99.25)",Texas,United States
Burlington,68000.0,Found,1819.0,42.75,-75.18333,"(42.75, -75.18333)",New York,United States
Bushnell,1240.0,Found,1939.0,41.23333,-103.9,"(41.23333, -103.9)",Nebraska,United States
Butler,41000.0,Found,1874.0,38.3,-94.36667,"(38.3, -94.36667)",Missouri,United States
Cacaria,41400.0,Found,1867.0,24.5,-104.8,"(24.5, -104.8)",Durango,México
Caldwell,12900.0,Found,1961.0,37.03333,-97.625,"(37.03333, -97.625)",Kansas,United States
Calico Rock,7275.0,Found,1938.0,36.08333,-92.15,"(36.08333, -92.15)",Arkansas,United States
Calliham,40000.0,Found,1958.0,28.41667,-98.25,"(28.41667, -98.25)",Texas,United States
Cambria,16300.0,Found,1818.0,43.2,-78.8,"(43.2, -78.8)",New York,United States
Campbellsville,15400.0,Found,1929.0,37.36667,-85.36667,"(37.36667, -85.36667)",Kentucky,United States
Canton,7030.0,Found,1894.0,34.2,-84.48333,"(34.2, -84.48333)",Georgia,United States
Canyon,860.0,Found,1957.0,34.96667,-101.93333,"(34.96667, -101.93333)",Texas,United States
Canyon City,8600.0,Found,1875.0,40.9,-123.1,"(40.9, -123.1)",California,United States
Canyon Diablo,30000000.0,Found,1891.0,35.05,-111.03333,"(35.05, -111.03333)",Arizona,United States
Canyonlands,1520.0,Found,1961.0,38.18333,-109.88333,"(38.18333, -109.88333)",Utah,United States
Carbo,454000.0,Found,1923.0,29.66667,-111.5,"(29.66667, -111.5)",Sonora,México
Carlton,81200.0,Found,1887.0,31.91667,-98.03333,"(31.91667, -98.03333)",Texas,United States
Carnegie,132700.0,Found,1963.0,35.16667,-98.64389,"(35.16667, -98.64389)",Oklahoma,United States
Carthage,127000.0,Found,1840.0,36.26667,-85.98333,"(36.26667, -85.98333)",Tennessee,United States
Carver,94000.0,Found,1935.0,32.0,-86.0,"(32.0, -86.0)",Alabama,United States
Casas Grandes,1545000.0,Found,1867.0,30.4,-107.8,"(30.4, -107.8)",Chihuahua,México
Casey County,723.0,Found,1877.0,37.25,-85.0,"(37.25, -85.0)",Kentucky,United States
Cashion,5896.8,Found,1936.0,35.84778,-97.70333,"(35.84778, -97.70333)",Oklahoma,United States
Cavour,26210.0,Found,1938.0,44.221494,-98.059192,"(44.221494, -98.059192)",South Dakota,United States
Cedar (Kansas),4900.0,Found,1937.0,39.7,-98.98333,"(39.7, -98.98333)",Kansas,United States
Cedar (Texas),26000.0,Found,1900.0,29.82806,-96.90861,"(29.82806, -96.90861)",Texas,United States
Cedartown,11300.0,Found,1898.0,34.01667,-85.26667,"(34.01667, -85.26667)",Georgia,United States
Cee Vee,3600.0,Found,1959.0,34.2,-100.48333,"(34.2, -100.48333)",Texas,United States
Chamberlin,2400.0,Found,1941.0,36.2,-102.45,"(36.2, -102.45)",Texas,United States
Chambord,6600.0,Found,1904.0,48.45,-72.06667,"(48.45, -72.06667)",Québec,Canada
Channing,15300.0,Found,1936.0,35.71667,-102.28333,"(35.71667, -102.28333)",Texas,United States
Charcas,1400000.0,Found,1804.0,23.08333,-101.01667,"(23.08333, -101.01667)",San Luis Potosí,México
Chesterville,16500.0,Found,1849.0,34.7,-81.2,"(34.7, -81.2)",South Carolina,United States
Chico,104800.0,Found,1954.0,36.5,-104.2,"(36.5, -104.2)",New Mexico,United States
Chico Hills,8030.0,Found,1951.0,36.0,-104.5,"(36.0, -104.5)",New Mexico,United States
Chico Mountains,212.0,Found,1915.0,29.0,-103.25,"(29.0, -103.25)",Texas,United States
Chihuahua City,54000.0,Found,1929.0,28.66667,-106.11667,"(28.66667, -106.11667)",Chihuahua,México
Chilkoot,43000.0,Found,1881.0,59.33333,-136.0,"(59.33333, -136.0)",Alaska,United States
Chulafinnee,16220.0,Found,1873.0,33.5,-85.66667,"(33.5, -85.66667)",Alabama,United States
Chupaderos,24300000.0,Found,1852.0,27.0,-105.1,"(27.0, -105.1)",Chihuahua,México
Cincinnati,1500.0,Found,1870.0,39.11667,-84.5,"(39.11667, -84.5)",Ohio,United States
Clareton,1050.0,Found,1931.0,43.7,-104.7,"(43.7, -104.7)",Wyoming,United States
Clark County,11300.0,Found,1937.0,38.0,-84.16667,"(38.0, -84.16667)",Kentucky,United States
Cleburne,6800.0,Found,1907.0,32.31667,-97.41667,"(32.31667, -97.41667)",Texas,United States
Cleo Springs,24000.0,Found,1960.0,36.43333,-98.43333,"(36.43333, -98.43333)",Oklahoma,United States
Cleveland,115000.0,Found,1860.0,34.88333,-84.78333,"(34.88333, -84.78333)",Georgia,United States
Clifford,11360.0,Found,1962.0,39.1,-103.25833,"(39.1, -103.25833)",Colorado,United States
Clinton,7700.0,Found,1950.0,36.08333,-84.2,"(36.08333, -84.2)",Tennessee,United States
Clover Springs,7700.0,Found,1954.0,34.45,-111.36667,"(34.45, -111.36667)",Arizona,United States
Clovis (no. 1),283000.0,Found,1961.0,34.3,-103.13472,"(34.3, -103.13472)",New Mexico,United States
Clovis (no. 2),41300.0,Found,1963.0,34.3,-103.13333,"(34.3, -103.13333)",New Mexico,United States
Coahuila,2100000.0,Found,1837.0,28.7,-102.73333,"(28.7, -102.73333)",Coahuila,México
Colby (Kansas),2400.0,Found,1940.0,39.41667,-101.05,"(39.41667, -101.05)",Kansas,United States
Cold Bay,320.0,Found,1921.0,55.18333,-162.55,"(55.18333, -162.55)",Alaska,United States
Coldwater (iron),18400.0,Found,1923.0,37.26667,-99.33333,"(37.26667, -99.33333)",Kansas,United States
Coldwater (stone),16000.0,Found,1924.0,37.26667,-99.33333,"(37.26667, -99.33333)",Kansas,United States
Colfax,2300.0,Found,1880.0,35.3,-81.73333,"(35.3, -81.73333)",North Carolina,United States
Comanche (iron),19700.0,Found,1940.0,32.01667,-98.7,"(32.01667, -98.7)",Texas,United States
Comanche (stone),2400.0,Found,1956.0,31.99167,-98.65167,"(31.99167, -98.65167)",Texas,United States
Concho,93500.0,Found,1939.0,32.0,-101.5,"(32.0, -101.5)",Texas,United States
Cookeville,2300.0,Found,1913.0,36.16667,-85.51667,"(36.16667, -85.51667)",Tennessee,United States
Coolidge,4500.0,Found,1937.0,38.03333,-101.98333,"(38.03333, -101.98333)",Kansas,United States
Coon Butte,2750.0,Found,1905.0,35.0,-111.0,"(35.0, -111.0)",Arizona,United States
Coopertown,16800.0,Found,1860.0,36.43333,-87.0,"(36.43333, -87.0)",Tennessee,United States
Cope,12000.0,Found,1934.0,39.66667,-102.83333,"(39.66667, -102.83333)",Colorado,United States
Cortez,715.6,Found,1940.0,37.35,-108.68333,"(37.35, -108.68333)",Colorado,United States
Cosby's Creek,960000.0,Found,1837.0,35.78333,-83.25,"(35.78333, -83.25)",Tennessee,United States
Costilla Peak,35500.0,Found,1881.0,36.83333,-105.23333,"(36.83333, -105.23333)",New Mexico,United States
Cotesfield,1160.0,Found,1928.0,41.36667,-98.63333,"(41.36667, -98.63333)",Nebraska,United States
Cottonwood,800.0,Found,1955.0,34.83333,-112.01667,"(34.83333, -112.01667)",Arizona,United States
Covert,61000.0,Found,1896.0,39.2,-98.78333,"(39.2, -98.78333)",Kansas,United States
Crab Orchard,48500.0,Found,1887.0,35.83333,-84.91667,"(35.83333, -84.91667)",Tennessee,United States
Cranberry Plains,90.0,Found,1852.0,37.23333,-80.73333,"(37.23333, -80.73333)",Virginia,United States
Cranfills Gap,6000.0,Found,1940.0,31.75,-97.75,"(31.75, -97.75)",Texas,United States
Crow Peak,6320.0,Found,1958.0,44.47733,-103.972,"(44.47733, -103.972)",South Dakota,United States
Cruz del Aire,23000.0,Found,1911.0,26.5,-100.0,"(26.5, -100.0)",Nuevo León,México
Cuba,1500.0,Found,1871.0,22.0,-80.0,"(22.0, -80.0)",Villa Clara,Cuba
Cuero,46500.0,Found,1936.0,29.01667,-97.28333,"(29.01667, -97.28333)",Texas,United States
Culbertson,5900.0,Found,1913.0,40.23333,-100.83333,"(40.23333, -100.83333)",Nebraska,United States
Cullison,10000.0,Found,1911.0,37.61667,-98.91667,"(37.61667, -98.91667)",Kansas,United States
Cumpas,28600.0,Found,1903.0,30.0,-109.66667,"(30.0, -109.66667)",Sonora,México
Cushing,567.0,Found,1932.0,35.96667,-96.76667,"(35.96667, -96.76667)",Oklahoma,United States
Dale Dry Lake,300.0,Found,1957.0,34.08333,-115.78333,"(34.08333, -115.78333)",California,United States
Dalton,53000.0,Found,1879.0,34.8,-84.98333,"(34.8, -84.98333)",Georgia,United States
Davis Mountains,689000.0,Found,1903.0,30.75,-104.25,"(30.75, -104.25)",Texas,United States
Davy (a),50600.0,Found,1940.0,29.1,-97.6,"(29.1, -97.6)",Texas,United States
Dayton,26300.0,Found,1892.0,39.75,-84.16667,"(39.75, -84.16667)",Ohio,United States
De Nova,12700.0,Found,1940.0,39.85,-102.95,"(39.85, -102.95)",Colorado,United States
Deep Springs,11500.0,Found,1846.0,36.5,-79.75,"(36.5, -79.75)",North Carolina,United States
Densmore (1879),37200.0,Found,1879.0,39.65,-99.68333,"(39.65, -99.68333)",Kansas,United States
Densmore (1950),11300.0,Found,1950.0,39.56583,-99.64722,"(39.56583, -99.64722)",Kansas,United States
Denton County,5400.0,Found,1856.0,33.0,-97.0,"(33.0, -97.0)",Texas,United States
Deport,15000.0,Found,1926.0,33.51667,-95.3,"(33.51667, -95.3)",Texas,United States
Deport (a),604.0,Found,1944.0,33.51667,-95.3,"(33.51667, -95.3)",Texas,United States
Dexter,1724.0,Found,1889.0,33.81667,-97.0,"(33.81667, -97.0)",Texas,United States
Dimmitt,200000.0,Found,1942.0,34.58333,-102.16667,"(34.58333, -102.16667)",Texas,United States
Dispatch,220.0,Found,1956.0,39.5,-98.53333,"(39.5, -98.53333)",Kansas,United States
Dix,44000.0,Found,1927.0,41.23333,-103.48333,"(41.23333, -103.48333)",Nebraska,United States
Dora (pallasite),7600.0,Found,1955.0,33.92667,-103.955,"(33.92667, -103.955)",New Mexico,United States
Doyleville,112.0,Found,1887.0,38.41667,-106.58333,"(38.41667, -106.58333)",Colorado,United States
Dresden (Kansas),6760.0,Found,1953.0,39.61667,-100.46306,"(39.61667, -100.46306)",Kansas,United States
Drum Mountains,529000.0,Found,1944.0,39.5,-112.9,"(39.5, -112.9)",Utah,United States
Duchesne,22700.0,Found,1906.0,40.38333,-110.86667,"(40.38333, -110.86667)",Utah,United States
Duel Hill (1854),21800.0,Found,1854.0,35.85,-82.7,"(35.85, -82.7)",North Carolina,United States
Duel Hill (1873),11300.0,Found,1873.0,35.85,-82.7,"(35.85, -82.7)",North Carolina,United States
Dumas (a),46050.0,Found,1956.0,35.9,-101.9,"(35.9, -101.9)",Texas,United States
Duncanville,17800.0,Found,1961.0,32.63333,-96.86667,"(32.63333, -96.86667)",Texas,United States
Dungannon,13000.0,Found,1922.0,36.85,-82.45,"(36.85, -82.45)",Virginia,United States
Dwight,4100.0,Found,1940.0,38.85,-96.58333,"(38.85, -96.58333)",Kansas,United States
Eagle Station,36000.0,Found,1880.0,38.61667,-84.96667,"(38.61667, -84.96667)",Kentucky,United States
Edmonson (a),12000.0,Found,1955.0,34.28333,-101.83333,"(34.28333, -101.83333)",Texas,United States
Edmonton (Canada),7340.0,Found,1939.0,53.66667,-113.41667,"(53.66667, -113.41667)",Alberta,Canada
Edmonton (Kentucky),10200.0,Found,1942.0,37.03333,-85.63333,"(37.03333, -85.63333)",Kentucky,United States
El Burro,35900.0,Found,1939.0,29.33333,-101.83333,"(29.33333, -101.83333)",Coahuila,México
El Capitan,27500.0,Found,1893.0,33.5,-105.5,"(33.5, -105.5)",New Mexico,United States
El Paso,276.0,Found,1950.0,31.78333,-106.23333,"(31.78333, -106.23333)",Texas,United States
El Rancho Grande,40.7,Found,1954.0,37.0,-105.0,"(37.0, -105.0)",Colorado,United States
Elkhart,573.0,Found,1936.0,37.01667,-101.88333,"(37.01667, -101.88333)",Kansas,United States
Ellicott,15700.0,Found,1960.0,38.80778,-104.56944,"(38.80778, -104.56944)",Colorado,United States
Ellis County,4692.0,Found,1948.0,38.78333,-99.33333,"(38.78333, -99.33333)",Kansas,United States
Elm Creek,7000.0,Found,1906.0,38.5,-96.2,"(38.5, -96.2)",Kansas,United States
Elton,1900.0,Found,1936.0,33.71667,-100.83333,"(33.71667, -100.83333)",Texas,United States
Emery,16700.0,Found,1962.0,43.56333,-97.58333,"(43.56333, -97.58333)",South Dakota,United States
Emmitsburg,450.0,Found,1854.0,39.71667,-77.3,"(39.71667, -77.3)",Pennsylvania,United States
Enon,763.0,Found,1883.0,39.86667,-83.95,"(39.86667, -83.95)",Ohio,United States
Estacado,290000.0,Found,1883.0,33.9,-101.75,"(33.9, -101.75)",Texas,United States
Eunice,2300.0,Found,1961.0,34.47,-101.75833,"(34.47, -101.75833)",Texas,United States
Eustis,502.0,Found,1918.0,28.83333,-81.68333,"(28.83333, -81.68333)",Florida,United States
Fairburn,445.0,Found,1907.0,43.603,-103.026,"(43.603, -103.026)",South Dakota,United States
Faith,105000.0,Found,1952.0,45.33333,-102.08333,"(45.33333, -102.08333)",South Dakota,United States
Farley,19400.0,Found,1936.0,36.33333,-104.05,"(36.33333, -104.05)",New Mexico,United States
Farnum,4200.0,Found,1937.0,40.25,-100.23333,"(40.25, -100.23333)",Nebraska,United States
Ferguson Switch,1700.0,Found,1937.0,34.0,-101.5,"(34.0, -101.5)",Texas,United States
Fillmore,113.0,Found,1916.0,49.883333,-103.6,"(49.883333, -103.6)",Saskatchewan,Canada
Finney,10700.0,Found,1962.0,34.26667,-101.56667,"(34.26667, -101.56667)",Texas,United States
Flagg,7000.0,Found,1954.0,34.43333,-102.51667,"(34.43333, -102.51667)",Texas,United States
Fleming,1750.0,Found,1940.0,40.68333,-102.81667,"(40.68333, -102.81667)",Colorado,United States
Floydada,12500.0,Found,1912.0,33.98333,-101.28333,"(33.98333, -101.28333)",Texas,United States
Forestburg (a),26100.0,Found,1957.0,33.50667,-97.65139,"(33.50667, -97.65139)",Texas,United States
Forestburg (b),26600.0,Found,1957.0,33.49556,-97.58861,"(33.49556, -97.58861)",Texas,United States
Forsyth County,22700.0,Found,1891.0,36.1,-80.2,"(36.1, -80.2)",North Carolina,United States
Fort Pierre,15900.0,Found,1856.0,44.35,-100.38333,"(44.35, -100.38333)",South Dakota,United States
Fort Stockton,4762.8,Found,1952.0,30.91667,-103.06667,"(30.91667, -103.06667)",Texas,United States
Four Corners,25000.0,Found,1924.0,37.0,-109.05,"(37.0, -109.05)",New Mexico,United States
Franceville,18800.0,Found,1890.0,38.81667,-104.61667,"(38.81667, -104.61667)",Colorado,United States
Frankfort (iron),10900.0,Found,1866.0,38.2,-84.83333,"(38.2, -84.83333)",Kentucky,United States
Franklin,9062.0,Found,1921.0,36.71667,-86.56667,"(36.71667, -86.56667)",Kentucky,United States
Franklinville,108.0,Found,1888.0,38.5,-100.0,"(38.5, -100.0)",Kansas,United States
Freda,268.0,Found,1919.0,46.38333,-101.23333,"(46.38333, -101.23333)",North Dakota,United States
Fremont Butte,6647.0,Found,1963.0,38.5,-105.5,"(38.5, -105.5)",Colorado,United States
Gahanna,1201.0,Found,1950.0,40.01667,-82.86667,"(40.01667, -82.86667)",Ohio,United States
Gail,4650.0,Found,1948.0,32.7,-101.6,"(32.7, -101.6)",Texas,United States
Garden Head,1296.0,Found,1944.0,49.81667,-108.46,"(49.81667, -108.46)",Saskatchewan,Canada
Garnett,4788.0,Found,1938.0,38.26667,-95.25,"(38.26667, -95.25)",Kansas,United States
Giroux,4275.0,Found,1954.0,49.61667,-96.55,"(49.61667, -96.55)",Manitoba,Canada
Gladstone (stone),57300.0,Found,1936.0,36.3,-104.0,"(36.3, -104.0)",New Mexico,United States
Glasgow,20400.0,Found,1922.0,37.01667,-85.91667,"(37.01667, -85.91667)",Kentucky,United States
Glen Rose (iron),11000.0,Found,1934.0,32.25,-97.71667,"(32.25, -97.71667)",Texas,United States
Glorieta Mountain,148000.0,Found,1884.0,35.6,-105.8,"(35.6, -105.8)",New Mexico,United States
Goodland,3628.0,Found,1923.0,39.35,-101.66667,"(39.35, -101.66667)",Kansas,United States
Goose Lake,1169500.0,Found,1938.0,41.98,-120.54167,"(41.98, -120.54167)",California,United States
Grady (1933),4230.0,Found,1933.0,34.8,-103.31667,"(34.8, -103.31667)",New Mexico,United States
Grady (1937),9300.0,Found,1937.0,34.8,-103.31667,"(34.8, -103.31667)",New Mexico,United States
Grand Rapids,51700.0,Found,1883.0,42.96667,-85.76667,"(42.96667, -85.76667)",Michigan,United States
Grant,525000.0,Found,1929.0,35.16667,-107.88333,"(35.16667, -107.88333)",New Mexico,United States
Grant County,2300.0,Found,1936.0,37.46667,-101.43333,"(37.46667, -101.43333)",Kansas,United States
Greenbrier County,5000.0,Found,1880.0,37.83333,-80.31667,"(37.83333, -80.31667)",West Virginia,United States
Gretna,82000.0,Found,1912.0,39.93333,-99.21667,"(39.93333, -99.21667)",Kansas,United States
Gruver,13100.0,Found,1934.0,36.33333,-101.4,"(36.33333, -101.4)",Texas,United States
Guadaloupe County,20.5,Found,1950.0,29.5,-98.0,"(29.5, -98.0)",Texas,United States
Guffey,309000.0,Found,1907.0,38.76667,-105.51667,"(38.76667, -105.51667)",Colorado,United States
Guilford County,1100.0,Found,1822.0,35.56667,-79.83333,"(35.56667, -79.83333)",North Carolina,United States
Gun Creek,22700.0,Found,1909.0,34.0,-111.0,"(34.0, -111.0)",Arizona,United States
Hale Center (no. 1),610.0,Found,1936.0,34.05,-101.75,"(34.05, -101.75)",Texas,United States
Hale Center (no. 2),695.0,Found,1936.0,34.05,-101.75,"(34.05, -101.75)",Texas,United States
Hammond,24000.0,Found,1884.0,44.91667,-92.43333,"(44.91667, -92.43333)",Wisconsin,United States
Harding County,3075.0,Found,1941.0,45.5,-103.5,"(45.5, -103.5)",South Dakota,United States
Hardwick,7800.0,Found,1937.0,43.8,-96.16667,"(43.8, -96.16667)",Minnesota,United States
Harriman (Of),30000.0,Found,1947.0,35.95,-84.56667,"(35.95, -84.56667)",Tennessee,United States
Harriman (Om),13000.0,Found,1938.0,35.95,-84.56667,"(35.95, -84.56667)",Tennessee,United States
Harrison Township,3263.0,Found,1945.0,38.33333,-101.71167,"(38.33333, -101.71167)",Kansas,United States
Harrisonville,46500.0,Found,1933.0,38.65,-94.33333,"(38.65, -94.33333)",Missouri,United States
Haskell,36000.0,Found,1909.0,33.21333,-99.73167,"(33.21333, -99.73167)",Texas,United States
Hasparos,12880.0,Found,1935.0,34.0,-105.5,"(34.0, -105.5)",New Mexico,United States
Hassayampa,16000.0,Found,1963.0,33.75,-112.66667,"(33.75, -112.66667)",Arizona,United States
Hat Creek,8900.0,Found,1939.0,42.91667,-104.41667,"(42.91667, -104.41667)",Wyoming,United States
Hatfield,21.0,Found,1941.0,34.48333,-94.45,"(34.48333, -94.45)",Arkansas,United States
Haven,6100.0,Found,1950.0,37.96417,-97.75583,"(37.96417, -97.75583)",Kansas,United States
Haviland (a),1035.0,Found,1937.0,37.61667,-99.1,"(37.61667, -99.1)",Kansas,United States
Hawk Springs,367.0,Found,1935.0,41.78333,-104.28333,"(41.78333, -104.28333)",Wyoming,United States
Hayden Creek,270.0,Found,1895.0,45.0,-114.0,"(45.0, -114.0)",Idaho,United States
Hayes Center,4500.0,Found,1941.0,40.51667,-101.03333,"(40.51667, -101.03333)",Nebraska,United States
Hendersonville,6000.0,Found,1901.0,35.31667,-81.46667,"(35.31667, -81.46667)",North Carolina,United States
Hesston,12900.0,Found,1951.0,38.11667,-97.43333,"(38.11667, -97.43333)",Kansas,United States
Hildreth,3060.0,Found,1894.0,40.33333,-99.03333,"(40.33333, -99.03333)",Nebraska,United States
Hill City,11700.0,Found,1947.0,39.36667,-99.85,"(39.36667, -99.85)",Kansas,United States
Hobbs,2300.0,Found,1933.0,32.73333,-103.1,"(32.73333, -103.1)",New Mexico,United States
Hobbs (b),1600.0,Found,1933.0,32.73333,-103.1,"(32.73333, -103.1)",New Mexico,United States
Holland's Store,12200.0,Found,1887.0,34.36667,-85.43333,"(34.36667, -85.43333)",Georgia,United States
Holliday,12.0,Found,1950.0,33.75,-98.83333,"(33.75, -98.83333)",Texas,United States
Holly,299.0,Found,1937.0,38.06667,-102.1,"(38.06667, -102.1)",Colorado,United States
Holyoke,11200.0,Found,1933.0,40.56667,-102.3,"(40.56667, -102.3)",Colorado,United States
Hope,6800.0,Found,1955.0,33.68333,-93.6,"(33.68333, -93.6)",Arkansas,United States
Hopper,1800.0,Found,1889.0,36.55,-79.78333,"(36.55, -79.78333)",Virginia,United States
Horace,19700.0,Found,1940.0,38.35,-101.78333,"(38.35, -101.78333)",Kansas,United States
Horse Creek,570.0,Found,1937.0,37.58333,-102.76667,"(37.58333, -102.76667)",Colorado,United States
Howe,8630.0,Found,1938.0,33.5,-96.6,"(33.5, -96.6)",Texas,United States
Hugo (stone),80.0,Found,1936.0,39.13333,-103.48333,"(39.13333, -103.48333)",Colorado,United States
Hugoton,350000.0,Found,1927.0,37.2,-101.35,"(37.2, -101.35)",Kansas,United States
Huizopa,140000.0,Found,1907.0,28.9,-108.56667,"(28.9, -108.56667)",Chihuahua,México
Hunter,74600.0,Found,1962.0,36.56,-97.66667,"(36.56, -97.66667)",Oklahoma,United States
Huntsman,14500.0,Found,1910.0,41.18333,-103.0,"(41.18333, -103.0)",Nebraska,United States
Ider,140000.0,Found,1957.0,34.68333,-85.65,"(34.68333, -85.65)",Alabama,United States
Illinois Gulch,2500.0,Found,1899.0,46.68333,-112.55,"(46.68333, -112.55)",Montana,United States
Imperial,4.0,Found,1908.0,32.86667,-115.58333,"(32.86667, -115.58333)",California,United States
Indian Valley,14100.0,Found,1887.0,36.93333,-80.5,"(36.93333, -80.5)",Virginia,United States
Indianola,4000.0,Found,1939.0,40.23333,-100.41667,"(40.23333, -100.41667)",Nebraska,United States
Ingalls,226.0,Found,1937.0,37.83333,-100.45,"(37.83333, -100.45)",Kansas,United States
Ioka,31500.0,Found,1931.0,40.25,-110.08333,"(40.25, -110.08333)",Utah,United States
Iredell,1500.0,Found,1898.0,31.96667,-97.86667,"(31.96667, -97.86667)",Texas,United States
Iron Creek,175000.0,Found,1869.0,53.0,-112.0,"(53.0, -112.0)",Alberta,Canada
Iron River,1420.0,Found,1889.0,46.07944,-88.55972,"(46.07944, -88.55972)",Michigan,United States
Ivanpah,58000.0,Found,1880.0,35.33333,-115.31667,"(35.33333, -115.31667)",California,United States
Jackson County,450.0,Found,1846.0,36.41667,-85.5,"(36.41667, -85.5)",Tennessee,United States
Jamestown,4000.0,Found,1885.0,46.61667,-98.5,"(46.61667, -98.5)",North Dakota,United States
Jenkins,55400.0,Found,1946.0,36.82444,-93.76111,"(36.82444, -93.76111)",Missouri,United States
Jenny's Creek,12000.0,Found,1883.0,37.9,-82.38333,"(37.9, -82.38333)",West Virginia,United States
Jerome (Idaho),6800.0,Found,1954.0,42.63333,-114.83333,"(42.63333, -114.83333)",Idaho,United States
Jerome (Kansas),29600.0,Found,1894.0,38.76667,-100.73333,"(38.76667, -100.73333)",Kansas,United States
Joe Wright Mountain,42600.0,Found,1884.0,35.76667,-91.5,"(35.76667, -91.5)",Arkansas,United States
Johnson City,10400.0,Found,1937.0,37.55,-101.68333,"(37.55, -101.68333)",Kansas,United States
Jonah,1304.0,Found,1963.0,30.625,-97.53333,"(30.625, -97.53333)",Texas,United States
Jonesboro,30.0,Found,1891.0,36.3,-82.46667,"(36.3, -82.46667)",Tennessee,United States
Junction,241.0,Found,1932.0,30.5,-99.83333,"(30.5, -99.83333)",Texas,United States
Kennard,8200.0,Found,1961.0,41.48333,-96.16667,"(41.48333, -96.16667)",Nebraska,United States
Kalkaska,9399.0,Found,1947.0,44.64694,-85.13667,"(44.64694, -85.13667)",Michigan,United States
Kansas City (1903),36000.0,Found,1903.0,39.1,-94.63333,"(39.1, -94.63333)",Kansas,United States
Karval,1104.0,Found,1936.0,38.71667,-103.51667,"(38.71667, -103.51667)",Colorado,United States
Kaufman,23000.0,Found,1893.0,32.58333,-96.41667,"(32.58333, -96.41667)",Texas,United States
Kearney,10000.0,Found,1934.0,40.68333,-99.06667,"(40.68333, -99.06667)",Nebraska,United States
Keen Mountain,6690.0,Found,1950.0,37.21667,-82.0,"(37.21667, -82.0)",Virginia,United States
Kelly,44300.0,Found,1937.0,40.46667,-103.03333,"(40.46667, -103.03333)",Colorado,United States
Kendall County,21000.0,Found,1887.0,29.4,-98.5,"(29.4, -98.5)",Texas,United States
Kenton County,194000.0,Found,1889.0,38.81667,-84.6,"(38.81667, -84.6)",Kentucky,United States
Keyes,142000.0,Found,1939.0,36.71667,-102.5,"(36.71667, -102.5)",Oklahoma,United States
Kimble County,153800.0,Found,1918.0,30.41667,-99.4,"(30.41667, -99.4)",Texas,United States
Kingfisher,8180.0,Found,1950.0,35.83333,-97.93333,"(35.83333, -97.93333)",Oklahoma,United States
Kingston,12900.0,Found,1891.0,32.9,-107.73333,"(32.9, -107.73333)",New Mexico,United States
Kinsella,3720.0,Found,1946.0,53.2,-111.43333,"(53.2, -111.43333)",Alberta,Canada
Klamath Falls,17000.0,Found,1952.0,42.16667,-121.85,"(42.16667, -121.85)",Oregon,United States
Knowles,161000.0,Found,1903.0,36.9,-100.21667,"(36.9, -100.21667)",Oklahoma,United States
Kofa,490.0,Found,1893.0,33.5,-114.0,"(33.5, -114.0)",Arizona,United States
Kokomo,1800.0,Found,1862.0,40.48333,-86.36667,"(40.48333, -86.36667)",Indiana,United States
Kress (a),12500.0,Found,1951.0,34.35833,-101.73,"(34.35833, -101.73)",Texas,United States
La Grange,50800.0,Found,1860.0,38.4,-85.36667,"(38.4, -85.36667)",Kentucky,United States
La Lande,30000.0,Found,1933.0,34.45,-104.13333,"(34.45, -104.13333)",New Mexico,United States
La Porte,14540.0,Found,1900.0,41.6,-86.71667,"(41.6, -86.71667)",Indiana,United States
La Villa,19800.0,Found,1956.0,26.27167,-97.90167,"(26.27167, -97.90167)",Texas,United States
Ladder Creek,35100.0,Found,1937.0,38.61667,-101.63333,"(38.61667, -101.63333)",Kansas,United States
Lafayette (stone),800.0,Found,1931.0,40.41667,-86.88333,"(40.41667, -86.88333)",Indiana,United States
Lahoma,21800.0,Found,1963.0,36.38333,-98.08333,"(36.38333, -98.08333)",Oklahoma,United States
Lake Murray,270000.0,Found,1933.0,34.1,-97.0,"(34.1, -97.0)",Oklahoma,United States
Laketon,3600.0,Found,1937.0,35.56667,-100.66667,"(35.56667, -100.66667)",Texas,United States
Lakewood,46500.0,Found,1955.0,32.62972,-104.35,"(32.62972, -104.35)",New Mexico,United States
Lamont,38690.0,Found,1940.0,38.07778,-96.02639,"(38.07778, -96.02639)",Kansas,United States
Lancaster County,13000.0,Found,1903.0,40.66667,-96.75,"(40.66667, -96.75)",Nebraska,United States
Landes,69800.0,Found,1930.0,38.9,-79.18333,"(38.9, -79.18333)",West Virginia,United States
Lanton,13780.0,Found,1932.0,36.53333,-91.8,"(36.53333, -91.8)",Missouri,United States
Lasher Creek,639.5,Found,1948.0,42.83333,-74.5,"(42.83333, -74.5)",New York,United States
Laurens County,2150.0,Found,1857.0,34.5,-82.03333,"(34.5, -82.03333)",South Carolina,United States
Lawrence,515.0,Found,1928.0,38.96667,-95.16667,"(38.96667, -95.16667)",Kansas,United States
Leander,760.0,Found,1940.0,30.6,-97.9,"(30.6, -97.9)",Texas,United States
Leon,30000.0,Found,1943.0,37.66667,-96.76667,"(37.66667, -96.76667)",Kansas,United States
Leoville,8100.0,Found,1961.0,39.63333,-100.46722,"(39.63333, -100.46722)",Kansas,United States
Lexington County,4760.0,Found,1880.0,34.0,-81.25,"(34.0, -81.25)",South Carolina,United States
Lick Creek,1240.0,Found,1879.0,35.66667,-80.25,"(35.66667, -80.25)",North Carolina,United States
Lime Creek,20000.0,Found,1834.0,31.55,-87.51667,"(31.55, -87.51667)",Alabama,United States
Lincoln County,4500.0,Found,1937.0,39.36667,-103.16667,"(39.36667, -103.16667)",Colorado,United States
Linville,442.0,Found,1882.0,35.86667,-81.91667,"(35.86667, -81.91667)",North Carolina,United States
Linwood,46000.0,Found,1940.0,41.43333,-96.96667,"(41.43333, -96.96667)",Nebraska,United States
Little Spring Creek,2950.0,Found,1937.0,37.68333,-105.7,"(37.68333, -105.7)",Colorado,United States
Livingston (Montana),1600.0,Found,1936.0,45.6,-110.58333,"(45.6, -110.58333)",Montana,United States
Livingston (Tennessee),235.0,Found,1937.0,36.41667,-85.25,"(36.41667, -85.25)",Tennessee,United States
Lockney,824.0,Found,1944.0,34.15,-101.3,"(34.15, -101.3)",Texas,United States
Locust Grove,10000.0,Found,1857.0,33.33333,-84.1,"(33.33333, -84.1)",Georgia,United States
Logan,1315.0,Found,1918.0,36.58333,-100.2,"(36.58333, -100.2)",Oklahoma,United States
Lombard,7000.0,Found,1953.0,46.1,-111.4,"(46.1, -111.4)",Montana,United States
Lonaconing,1400.0,Found,1888.0,39.41667,-79.15,"(39.41667, -79.15)",Maryland,United States
Long Island,564000.0,Found,1891.0,39.93333,-99.6,"(39.93333, -99.6)",Kansas,United States
Loomis,3020.0,Found,1933.0,40.46667,-99.5,"(40.46667, -99.5)",Nebraska,United States
Loop,5600.0,Found,1962.0,32.9,-102.28333,"(32.9, -102.28333)",Texas,United States
Lorenzo,611.9,Found,1941.0,41.03333,-102.88333,"(41.03333, -102.88333)",Nebraska,United States
Loreto,94800.0,Found,1896.0,26.01667,-111.36667,"(26.01667, -111.36667)",Baja California Sur,México
Los Reyes,19500.0,Found,1897.0,19.26667,-97.28333,"(19.26667, -97.28333)",Puebla,México
Lost Creek,4018.0,Found,1916.0,39.12417,-98.16778,"(39.12417, -98.16778)",Kansas,United States
Lost Lake,11.0,Found,1931.0,37.65,-105.73333,"(37.65, -105.73333)",Colorado,United States
Losttown,3000.0,Found,1868.0,34.25,-84.5,"(34.25, -84.5)",Georgia,United States
Lubbock,1457.8,Found,1938.0,33.6,-101.73333,"(33.6, -101.73333)",Texas,United States
Lucerne Valley 001,15.8,Found,1963.0,34.5,-116.95,"(34.5, -116.95)",California,United States
Lucerne Valley 002,5.8,Found,1963.0,34.5,-116.95,"(34.5, -116.95)",California,United States
Lucerne Valley 003,7.5,Found,1963.0,34.5,-116.95,"(34.5, -116.95)",California,United States
Lucerne Valley 004,37.4,Found,1963.0,34.5,-116.95,"(34.5, -116.95)",California,United States
Lucerne Valley 005,3.1,Found,1963.0,34.5,-116.95,"(34.5, -116.95)",California,United States
Lucerne Valley 006,26.9,Found,1963.0,34.5,-116.95,"(34.5, -116.95)",California,United States
Lucerne Valley 007,4.8,Found,1963.0,34.5,-116.95,"(34.5, -116.95)",California,United States
Lucky Hill,20500.0,Found,1885.0,17.9,-77.63333,"(17.9, -77.63333)",Unknown,Jamaica
Luis Lopez,7000.0,Found,1896.0,34.0,-106.96667,"(34.0, -106.96667)",New Mexico,United States
Lushton,6700.0,Found,1914.0,40.74972,-97.74972,"(40.74972, -97.74972)",Nebraska,United States
Lusk,46.0,Found,1940.0,42.76667,-104.35,"(42.76667, -104.35)",Wyoming,United States
Madoc,168000.0,Found,1854.0,44.5,-77.46667,"(44.5, -77.46667)",Ontario,Canada
Manitouwabing,39000.0,Found,1962.0,45.44,-79.87556,"(45.44, -79.87556)",Ontario,Canada
Mapleton,49000.0,Found,1939.0,42.18333,-95.71667,"(42.18333, -95.71667)",Iowa,United States
Marion (Kansas),2890.0,Found,1955.0,38.36667,-97.03333,"(38.36667, -97.03333)",Kansas,United States
Marlow,68000.0,Found,1936.0,34.6,-97.91667,"(34.6, -97.91667)",Oklahoma,United States
Marshall County,6800.0,Found,1860.0,37.0,-88.25,"(37.0, -88.25)",Kentucky,United States
Marsland,6850.0,Found,1933.0,42.45,-103.3,"(42.45, -103.3)",Nebraska,United States
Mart,7140.0,Found,1898.0,31.5,-96.88333,"(31.5, -96.88333)",Texas,United States
Mayday,6900.0,Found,1955.0,39.47444,-96.925,"(39.47444, -96.925)",Kansas,United States
Mayodan,15400.0,Found,1920.0,36.38333,-79.86667,"(36.38333, -79.86667)",North Carolina,United States
McAddo,1100.0,Found,1935.0,33.75,-100.93333,"(33.75, -100.93333)",Texas,United States
McKinney,150000.0,Found,1870.0,33.18333,-96.71667,"(33.18333, -96.71667)",Texas,United States
McLean,4300.0,Found,1939.0,35.23333,-100.6,"(35.23333, -100.6)",Texas,United States
Melrose (a),36400.0,Found,1933.0,34.38333,-103.61667,"(34.38333, -103.61667)",New Mexico,United States
Melvern Lake,7746.0,Found,1950.0,38.525,-95.78056,"(38.525, -95.78056)",Kansas,United States
Mereta,1417.5,Found,1941.0,31.42611,-100.13333,"(31.42611, -100.13333)",Texas,United States
Mertzon,3720.0,Found,1943.0,31.26667,-100.83333,"(31.26667, -100.83333)",Texas,United States
Mesa Verde Park,3500.0,Found,1922.0,37.16667,-108.5,"(37.16667, -108.5)",Colorado,United States
Miami,57700.0,Found,1930.0,35.66667,-100.6,"(35.66667, -100.6)",Texas,United States
Midland,34.0,Found,1960.0,44.75,-79.88333,"(44.75, -79.88333)",Ontario,Canada
Miller (Kansas),970.0,Found,1950.0,38.625,-96.02278,"(38.625, -96.02278)",Kansas,United States
Mincy,89400.0,Found,1857.0,36.55,-93.1,"(36.55, -93.1)",Missouri,United States
Mission,12000.0,Found,1949.0,43.31667,-100.76667,"(43.31667, -100.76667)",South Dakota,United States
Misteca,10000.0,Found,1804.0,16.8,-97.1,"(16.8, -97.1)",Oaxaca,México
Moctezuma,1700.0,Found,1889.0,29.8,-109.66667,"(29.8, -109.66667)",Sonora,México
Modoc (1948),1800.0,Found,1948.0,38.5,-101.1,"(38.5, -101.1)",Kansas,United States
Monahans (1938),27900.0,Found,1938.0,31.48333,-102.88333,"(31.48333, -102.88333)",Texas,United States
Morland,295000.0,Found,1890.0,39.33333,-100.06667,"(39.33333, -100.06667)",Kansas,United States
Morrill,1387.0,Found,1920.0,42.18333,-103.93333,"(42.18333, -103.93333)",Nebraska,United States
Morristown,16300.0,Found,1887.0,36.2,-83.38333,"(36.2, -83.38333)",Tennessee,United States
Mosca,6220.0,Found,1942.0,37.63333,-105.83333,"(37.63333, -105.83333)",Colorado,United States
Mosquero,1800.0,Found,1963.0,35.75,-103.93333,"(35.75, -103.93333)",New Mexico,United States
Mount Joy,384000.0,Found,1887.0,39.78333,-77.21667,"(39.78333, -77.21667)",Pennsylvania,United States
Mount Morris (New York),12.5,Found,1897.0,42.7,-77.88333,"(42.7, -77.88333)",New York,United States
Mount Morris (Wisconsin),676.0,Found,1937.0,44.0,-89.25,"(44.0, -89.25)",Wisconsin,United States
Mount Ouray,900.0,Found,1898.0,38.41667,-106.21667,"(38.41667, -106.21667)",Colorado,United States
Mount Vernon,159000.0,Found,1868.0,36.93333,-87.4,"(36.93333, -87.4)",Kentucky,United States
Mulberry Draw,9716.0,Found,1963.0,35.63333,-100.13333,"(35.63333, -100.13333)",Texas,United States
Murfreesboro,8600.0,Found,1847.0,35.83333,-86.41667,"(35.83333, -86.41667)",Tennessee,United States
Muroc,18.4,Found,1936.0,34.91667,-117.83333,"(34.91667, -117.83333)",California,United States
Muroc Dry Lake,223.0,Found,1936.0,34.91667,-117.83333,"(34.91667, -117.83333)",California,United States
Murphy,7700.0,Found,1899.0,35.1,-84.03333,"(35.1, -84.03333)",North Carolina,United States
Naruna (a),672.3,Found,1935.0,30.95,-98.26667,"(30.95, -98.26667)",Texas,United States
Naruna (b),513.3,Found,1942.0,30.95,-98.28333,"(30.95, -98.28333)",Texas,United States
Nashville (iron),18000.0,Found,1934.0,35.96667,-77.96667,"(35.96667, -77.96667)",North Carolina,United States
Nashville (stone),25000.0,Found,1939.0,37.45,-98.41667,"(37.45, -98.41667)",Kansas,United States
Navajo,2184000.0,Found,1921.0,35.33333,-109.5,"(35.33333, -109.5)",Arizona,United States
Nazareth (a),44.0,Found,1938.0,34.5,-102.25,"(34.5, -102.25)",Texas,United States
Needles,45300.0,Found,1962.0,34.44417,-114.8325,"(34.44417, -114.8325)",California,United States
Neenach,13800.0,Found,1948.0,34.8,-118.5,"(34.8, -118.5)",California,United States
Nelson County,73030.0,Found,1856.0,37.75,-85.5,"(37.75, -85.5)",Kentucky,United States
Ness County (1894),82000.0,Found,1894.0,38.5,-99.6,"(38.5, -99.6)",Kansas,United States
Ness County (1938),652.0,Found,1938.0,38.48333,-99.91667,"(38.48333, -99.91667)",Kansas,United States
New Almelo,8000.0,Found,1917.0,39.66667,-100.0,"(39.66667, -100.0)",Kansas,United States
New Baltimore,20000.0,Found,1922.0,40.0,-78.85,"(40.0, -78.85)",Pennsylvania,United States
New Leipzig,20000.0,Found,1936.0,46.36667,-101.95,"(46.36667, -101.95)",North Dakota,United States
New Mexico,130.0,Found,1935.0,34.5,-107.0,"(34.5, -107.0)",New Mexico,United States
New Westville,4800.0,Found,1941.0,39.8,-84.81667,"(39.8, -84.81667)",Indiana,United States
Newport,5600.0,Found,1923.0,35.6,-91.26667,"(35.6, -91.26667)",Arkansas,United States
Newsom,892.0,Found,1939.0,37.6,-105.83333,"(37.6, -105.83333)",Colorado,United States
Niagara,115.0,Found,1879.0,48.0,-97.93333,"(48.0, -97.93333)",North Dakota,United States
Norcateur,3200.0,Found,1940.0,39.81667,-100.2,"(39.81667, -100.2)",Kansas,United States
Nordheim,15150.0,Found,1932.0,28.86667,-97.61667,"(28.86667, -97.61667)",Texas,United States
Norfolk,23000.0,Found,1907.0,36.9,-76.3,"(36.9, -76.3)",Virginia,United States
Northampton,353.0,Found,1963.0,42.31667,-72.63333,"(42.31667, -72.63333)",Massachusetts,United States
Nuevo Laredo,500.0,Found,1950.0,27.5,-99.5,"(27.5, -99.5)",Texas,United States
Oakley (iron),111000.0,Found,1926.0,42.33333,-113.7,"(42.33333, -113.7)",Idaho,United States
Oakley (stone),27700.0,Found,1895.0,38.95,-101.01667,"(38.95, -101.01667)",Kansas,United States
Oberlin,2500.0,Found,1911.0,39.8,-100.51667,"(39.8, -100.51667)",Kansas,United States
Odessa (iron),1600000.0,Found,1922.0,31.71667,-102.4,"(31.71667, -102.4)",Texas,United States
Ogallala,3300.0,Found,1918.0,41.16667,-101.66667,"(41.16667, -101.66667)",Nebraska,United States
Okechobee,1000.0,Found,1916.0,26.68333,-80.8,"(26.68333, -80.8)",Florida,United States
Oktibbeha County,156.0,Found,1854.0,33.5,-89.0,"(33.5, -89.0)",Mississippi,United States
Olton,953.0,Found,1948.0,34.16722,-102.13361,"(34.16722, -102.13361)",Texas,United States
Oroville,24500.0,Found,1893.0,39.68333,-121.63333,"(39.68333, -121.63333)",California,United States
Oscuro Mountains,3600.0,Found,1895.0,33.63333,-106.38333,"(33.63333, -106.38333)",New Mexico,United States
Oshkosh,144.8,Found,1961.0,44.07694,-88.56278,"(44.07694, -88.56278)",Wisconsin,United States
Osseo,46300.0,Found,1931.0,47.63333,-80.08333,"(47.63333, -80.08333)",Ontario,Canada
Otis,2600.0,Found,1940.0,38.53333,-99.05,"(38.53333, -99.05)",Kansas,United States
Ovid,6169.0,Found,1939.0,40.96667,-102.4,"(40.96667, -102.4)",Colorado,United States
Ovid (b),860.0,Found,1943.0,40.75833,-102.375,"(40.75833, -102.375)",Colorado,United States
Owens Valley,192800.0,Found,1913.0,37.46667,-118.0,"(37.46667, -118.0)",California,United States
Ozona,127500.0,Found,1929.0,30.73333,-101.3,"(30.73333, -101.3)",Texas,United States
Palmersville,9979.0,Found,1908.0,36.4665,-88.60283,"(36.4665, -88.60283)",Tennessee,United States
Palo Blanco Creek,1482.0,Found,1954.0,36.5,-104.5,"(36.5, -104.5)",New Mexico,United States
Paloduro,3000.0,Found,1935.0,34.9,-101.21667,"(34.9, -101.21667)",Texas,United States
Parma Canyon,2150.0,Found,1940.0,43.8,-117.0,"(43.8, -117.0)",Idaho,United States
Paulding County,725.0,Found,1901.0,34.0,-84.8,"(34.0, -84.8)",Georgia,United States
Peck's Spring,1600.0,Found,1926.0,32.0,-102.0,"(32.0, -102.0)",Texas,United States
Peetz,11500.0,Found,1937.0,40.95,-103.08333,"(40.95, -103.08333)",Colorado,United States
Penokee,3580.0,Found,1947.0,39.35,-99.91667,"(39.35, -99.91667)",Kansas,United States
Perryville,17500.0,Found,1906.0,37.73333,-89.85,"(37.73333, -89.85)",Missouri,United States
Persimmon Creek,5000.0,Found,1893.0,35.05,-84.23333,"(35.05, -84.23333)",North Carolina,United States
Phillips County (pallasite),1360.0,Found,1935.0,40.45,-102.38333,"(40.45, -102.38333)",Colorado,United States
Picacho,22000.0,Found,1952.0,33.2,-105.0,"(33.2, -105.0)",New Mexico,United States
Pickens County,400.0,Found,1908.0,34.5,-84.5,"(34.5, -84.5)",Georgia,United States
Pierceville (iron),100000.0,Found,1917.0,37.86667,-100.66667,"(37.86667, -100.66667)",Kansas,United States
Pierceville (stone),2125.0,Found,1939.0,37.86667,-100.66667,"(37.86667, -100.66667)",Kansas,United States
Pima County,210.0,Found,1947.0,32.2,-111.0,"(32.2, -111.0)",Arizona,United States
Pine Bluffs,2700.0,Found,1935.0,41.18333,-104.06667,"(41.18333, -104.06667)",Wyoming,United States
Pine River,3600.0,Found,1931.0,44.21667,-89.1,"(44.21667, -89.1)",Wisconsin,United States
Piñon,17850.0,Found,1928.0,32.66667,-105.1,"(32.66667, -105.1)",New Mexico,United States
Pinto Mountains,17900.0,Found,1954.0,34.0,-115.78333,"(34.0, -115.78333)",California,United States
Pipe Creek,13600.0,Found,1887.0,29.68333,-98.91667,"(29.68333, -98.91667)",Texas,United States
Pittsburg,600.0,Found,1850.0,40.43333,-80.0,"(40.43333, -80.0)",Pennsylvania,United States
Plainview (1917),700000.0,Found,1917.0,34.11667,-101.78333,"(34.11667, -101.78333)",Texas,United States
Plainview (1950),2200.0,Found,1950.0,34.11667,-101.78333,"(34.11667, -101.78333)",Texas,United States
Plainview (c),631.0,Found,1963.0,34.125,-101.75667,"(34.125, -101.75667)",Texas,United States
Pleasanton,2300.0,Found,1935.0,38.18333,-94.71667,"(38.18333, -94.71667)",Kansas,United States
Plymouth,14000.0,Found,1893.0,41.33333,-86.31667,"(41.33333, -86.31667)",Indiana,United States
Point of Rocks (iron),18000.0,Found,1956.0,36.5,-104.5,"(36.5, -104.5)",New Mexico,United States
Point of Rocks (stone),800.0,Found,1954.0,36.5,-104.5,"(36.5, -104.5)",New Mexico,United States
Pony Creek,4642.0,Found,1947.0,31.66333,-99.95,"(31.66333, -99.95)",Texas,United States
Portis,30.0,Found,1959.0,39.56667,-98.68333,"(39.56667, -98.68333)",Kansas,United States
Potter,261000.0,Found,1941.0,41.23333,-103.3,"(41.23333, -103.3)",Nebraska,United States
Prairie Dog Creek,2900.0,Found,1893.0,39.63333,-100.5,"(39.63333, -100.5)",Kansas,United States
Providence,6804.0,Found,1903.0,38.56667,-85.23333,"(38.56667, -85.23333)",Kentucky,United States
Puente del Zacate,30790.0,Found,1904.0,27.86667,-101.5,"(27.86667, -101.5)",Coahuila,México
Puente-Ladron,7.7,Found,1944.0,34.4,-106.85,"(34.4, -106.85)",New Mexico,United States
Putnam County,32700.0,Found,1839.0,33.25,-83.25,"(33.25, -83.25)",Georgia,United States
Quartz Mountain,4832.0,Found,1935.0,37.2,-116.7,"(37.2, -116.7)",Nevada,United States
Quinn Canyon,1450000.0,Found,1908.0,38.08333,-115.53333,"(38.08333, -115.53333)",Nevada,United States
Rancho de la Pila (1882),46500.0,Found,1882.0,24.11667,-104.3,"(24.11667, -104.3)",Durango,México
Ransom,15000.0,Found,1938.0,38.61667,-99.93333,"(38.61667, -99.93333)",Kansas,United States
Reager,230.0,Found,1948.0,39.78333,-100.0,"(39.78333, -100.0)",Kansas,United States
Red River,800000.0,Found,1808.0,32.0,-95.0,"(32.0, -95.0)",Texas,United States
Red Willow,2750.0,Found,1899.0,40.25,-100.5,"(40.25, -100.5)",Nebraska,United States
Reed City,20000.0,Found,1895.0,43.86667,-85.51667,"(43.86667, -85.51667)",Michigan,United States
Republican River,135.0,Found,1942.0,40.08333,-98.91667,"(40.08333, -98.91667)",Nebraska,United States
Rhineland,6240.0,Found,1961.0,33.53333,-99.61667,"(33.53333, -99.61667)",Texas,United States
Richland,50600.0,Found,1951.0,31.9,-96.4,"(31.9, -96.4)",Texas,United States
Ridgecrest,9.69,Found,1958.0,35.58333,-117.56667,"(35.58333, -117.56667)",California,United States
Rifle,102700.0,Found,1948.0,38.51667,-107.83333,"(38.51667, -107.83333)",Colorado,United States
Riverton,103.3,Found,1960.0,50.94,-96.99167,"(50.94, -96.99167)",Manitoba,Canada
Rodeo,44000.0,Found,1852.0,25.33333,-104.66667,"(25.33333, -104.66667)",Durango,México
Rolla (1936),440.0,Found,1936.0,37.11667,-101.6,"(37.11667, -101.6)",Kansas,United States
Rolla (1939),207.5,Found,1939.0,37.11667,-101.6,"(37.11667, -101.6)",Kansas,United States
Rolla (1941),435.0,Found,1941.0,37.08333,-101.6,"(37.08333, -101.6)",Kansas,United States
Rolla (d),50.0,Found,1942.0,37.08333,-101.6,"(37.08333, -101.6)",Kansas,United States
Romero,17200.0,Found,1938.0,35.76667,-102.95,"(35.76667, -102.95)",Texas,United States
Rosamond Dry Lake,850.0,Found,1940.0,34.83333,-118.06667,"(34.83333, -118.06667)",California,United States
Rosebud,54900.0,Found,1915.0,30.81667,-97.05,"(30.81667, -97.05)",Texas,United States
Round Top (a),9935.0,Found,1934.0,30.05806,-96.65139,"(30.05806, -96.65139)",Texas,United States
Round Top (b),7166.0,Found,1939.0,30.06667,-96.7,"(30.06667, -96.7)",Texas,United States
Roy (1933),47200.0,Found,1933.0,35.95,-104.2,"(35.95, -104.2)",New Mexico,United States
Roy (1934),5619.0,Found,1934.0,35.95,-104.2,"(35.95, -104.2)",New Mexico,United States
Ruff's Mountain,53070.0,Found,1844.0,34.3,-81.4,"(34.3, -81.4)",South Carolina,United States
Rush County,4300.0,Found,1948.0,39.5,-85.5,"(39.5, -85.5)",Indiana,United States
Rush Creek,9300.0,Found,1938.0,38.61667,-102.71667,"(38.61667, -102.71667)",Colorado,United States
Rushville,50.0,Found,1866.0,39.61667,-85.45,"(39.61667, -85.45)",Indiana,United States
Russel Gulch,13200.0,Found,1863.0,39.8,-105.5,"(39.8, -105.5)",Colorado,United States
Sacramento Mountains,237200.0,Found,1890.0,32.91667,-104.66667,"(32.91667, -104.66667)",New Mexico,United States
Salina,235.0,Found,1908.0,38.98333,-111.85,"(38.98333, -111.85)",Utah,United States
Saline,30800.0,Found,1901.0,39.4,-100.4,"(39.4, -100.4)",Kansas,United States
Salt Lake City,875.0,Found,1869.0,40.91667,-111.66667,"(40.91667, -111.66667)",Utah,United States
Salt River,3600.0,Found,1850.0,37.95,-85.78333,"(37.95, -85.78333)",Kentucky,United States
Sam's Valley,6920.0,Found,1894.0,42.53333,-122.875,"(42.53333, -122.875)",Oregon,United States
San Angelo,88000.0,Found,1897.0,31.41667,-100.35,"(31.41667, -100.35)",Texas,United States
San Emigdio,36000.0,Found,1887.0,36.0,-119.0,"(36.0, -119.0)",California,United States
San Francisco del Mezquital,7500.0,Found,1868.0,23.48333,-104.36667,"(23.48333, -104.36667)",Durango,México
San Francisco Mountains,1700.0,Found,1920.0,35.0,-112.0,"(35.0, -112.0)",Arizona,United States
San José,532.0,Found,1944.0,24.7,-99.08333,"(24.7, -99.08333)",Tamaulipas,México
San Pedro Springs,72.0,Found,1887.0,29.5,-98.5,"(29.5, -98.5)",Texas,United States
Sand Draw,1200.0,Found,1947.0,40.81667,-102.25,"(40.81667, -102.25)",Colorado,United States
Sanderson,6800.0,Found,1936.0,30.13333,-102.15,"(30.13333, -102.15)",Texas,United States
Sandia Mountains,45000.0,Found,1925.0,35.25,-106.5,"(35.25, -106.5)",New Mexico,United States
Sandtown,9350.0,Found,1938.0,35.93333,-91.63333,"(35.93333, -91.63333)",Arkansas,United States
Santa Apolonia,1316000.0,Found,1872.0,19.21667,-98.3,"(19.21667, -98.3)",Tlaxcala,México
Santa Rosalia,1631.0,Found,1950.0,27.33333,-112.33333,"(27.33333, -112.33333)",Baja California Sur,México
Santiago Papasquiero,119500.0,Found,1958.0,24.5,-106.0,"(24.5, -106.0)",Durango,México
Sardis,800000.0,Found,1940.0,32.94889,-81.865,"(32.94889, -81.865)",Georgia,United States
Savannah,60000.0,Found,1923.0,35.16667,-88.18333,"(35.16667, -88.18333)",Tennessee,United States
Scott City,2135.0,Found,1905.0,38.46667,-100.93333,"(38.46667, -100.93333)",Kansas,United States
Scottsville,10000.0,Found,1867.0,36.76667,-86.16667,"(36.76667, -86.16667)",Kentucky,United States
Scurry,118000.0,Found,1937.0,32.5,-101.0,"(32.5, -101.0)",Texas,United States
Seagraves,13000.0,Found,1962.0,32.93333,-102.58333,"(32.93333, -102.58333)",Texas,United States
Seguin,750.0,Found,1956.0,39.36667,-100.63333,"(39.36667, -100.63333)",Kansas,United States
Seibert (a),3500.0,Found,1941.0,39.3,-102.83333,"(39.3, -102.83333)",Colorado,United States
Selden,1560.0,Found,1960.0,39.53333,-100.56667,"(39.53333, -100.56667)",Kansas,United States
Seligman,2200.0,Found,1949.0,35.28333,-112.86667,"(35.28333, -112.86667)",Arizona,United States
Selma,140600.0,Found,1906.0,32.4,-87.0,"(32.4, -87.0)",Alabama,United States
Seminole,43900.0,Found,1961.0,32.68333,-102.61667,"(32.68333, -102.61667)",Texas,United States
Seneca,1900.0,Found,1936.0,39.83333,-96.06667,"(39.83333, -96.06667)",Kansas,United States
Seneca Falls,4000.0,Found,1850.0,42.91667,-76.78333,"(42.91667, -76.78333)",New York,United States
Seneca Township,11500.0,Found,1923.0,41.78333,-84.18333,"(41.78333, -84.18333)",Michigan,United States
Seymour,25900.0,Found,1940.0,37.2375,-92.78694,"(37.2375, -92.78694)",Missouri,United States
Shafter Lake,3027.0,Found,1933.0,32.4,-102.58333,"(32.4, -102.58333)",Texas,United States
Shallowater,4650.0,Found,1936.0,33.7,-101.93333,"(33.7, -101.93333)",Texas,United States
Shaw,17500.0,Found,1937.0,39.53333,-103.33333,"(39.53333, -103.33333)",Colorado,United States
Shields,9780.0,Found,1962.0,38.7,-100.35,"(38.7, -100.35)",Kansas,United States
Shingle Springs,39000.0,Found,1869.0,38.66667,-120.93333,"(38.66667, -120.93333)",California,United States
Shrewsbury,12000.0,Found,1907.0,39.76667,-76.66667,"(39.76667, -76.66667)",Pennsylvania,United States
Sidney,6000.0,Found,1941.0,41.05,-102.9,"(41.05, -102.9)",Nebraska,United States
Sierra Blanca,405.0,Found,1784.0,27.15,-104.9,"(27.15, -104.9)",Chihuahua,México
Sierra County,1000.0,Found,1962.0,33.0,-107.5,"(33.0, -107.5)",New Mexico,United States
Signal Mountain,63500.0,Found,1919.0,32.5,-115.5,"(32.5, -115.5)",Baja California,México
Silver Bell,5100.0,Found,1939.0,32.48333,-111.56667,"(32.48333, -111.56667)",Arizona,United States
Silver Crown,11600.0,Found,1887.0,41.23333,-104.98333,"(41.23333, -104.98333)",Wyoming,United States
Silverton (Texas),2576.0,Found,1938.0,34.53333,-101.18333,"(34.53333, -101.18333)",Texas,United States
Slaton,1070.0,Found,1941.0,33.43333,-101.75,"(33.43333, -101.75)",Texas,United States
Slovak,8220.0,Found,1962.0,34.65,-91.58333,"(34.65, -91.58333)",Arkansas,United States
Smith Center,1585.0,Found,1937.0,39.83333,-99.01667,"(39.83333, -99.01667)",Kansas,United States
Smithland,5000.0,Found,1839.0,37.13333,-88.4,"(37.13333, -88.4)",Kentucky,United States
Smithonia,69900.0,Found,1940.0,34.0,-83.16667,"(34.0, -83.16667)",Georgia,United States
Smith's Mountain,5000.0,Found,1863.0,36.41667,-80.0,"(36.41667, -80.0)",North Carolina,United States
Smithville,70500.0,Found,1840.0,35.98333,-85.85,"(35.98333, -85.85)",Tennessee,United States
Social Circle,99300.0,Found,1927.0,33.7,-83.7,"(33.7, -83.7)",Georgia,United States
Sombrerete,10000.0,Found,1958.0,23.63333,-103.66667,"(23.63333, -103.66667)",Zacatecas,México
Somervell County,11800.0,Found,1919.0,32.18333,-97.8,"(32.18333, -97.8)",Texas,United States
Soper,3700.0,Found,1938.0,34.03333,-95.58333,"(34.03333, -95.58333)",Oklahoma,United States
South Bend,2500.0,Found,1893.0,41.65,-86.21667,"(41.65, -86.21667)",Indiana,United States
South Byron,6000.0,Found,1915.0,43.03333,-78.03333,"(43.03333, -78.03333)",New York,United States
Spearman,10400.0,Found,1934.0,36.25,-101.21667,"(36.25, -101.21667)",Texas,United States
Springfield,3200.0,Found,1937.0,37.38333,-102.63333,"(37.38333, -102.63333)",Colorado,United States
Springfield (b),229.3,Found,1937.0,37.48333,-102.67667,"(37.48333, -102.67667)",Colorado,United States
Springwater,67600.0,Found,1931.0,52.0,-108.3,"(52.0, -108.3)",Saskatchewan,Canada
St. Ann,373.5,Found,1938.0,40.45,-100.75,"(40.45, -100.75)",Nebraska,United States
St. Francois County,3600.0,Found,1863.0,37.75,-90.5,"(37.75, -90.5)",Missouri,United States
St. Genevieve County,244500.0,Found,1888.0,37.96667,-90.31667,"(37.96667, -90.31667)",Missouri,United States
St. Peter,6800.0,Found,1957.0,39.4,-100.03333,"(39.4, -100.03333)",Kansas,United States
Staunton,43500.0,Found,1869.0,38.21667,-79.05,"(38.21667, -79.05)",Virginia,United States
Sterley,1724.8,Found,1950.0,34.21,-101.39,"(34.21, -101.39)",Texas,United States
Sterling,679.5,Found,1900.0,40.6,-103.18333,"(40.6, -103.18333)",Colorado,United States
Stoneham,5000.0,Found,1960.0,40.63783,-103.69717,"(40.63783, -103.69717)",Colorado,United States
Stonington,2700.0,Found,1942.0,37.28333,-102.2,"(37.28333, -102.2)",Colorado,United States
Sublette,1300.0,Found,1952.0,37.5,-100.83333,"(37.5, -100.83333)",Kansas,United States
Summit,1000.0,Found,1890.0,34.2,-86.48333,"(34.2, -86.48333)",Alabama,United States
Surprise Springs,1500.0,Found,1899.0,34.16667,-115.91667,"(34.16667, -115.91667)",California,United States
Sweetwater,1760.0,Found,1961.0,32.55,-100.41667,"(32.55, -100.41667)",Texas,United States
Tacoma,16.7,Found,1925.0,47.25,-122.41667,"(47.25, -122.41667)",Washington,United States
Tafoya (a),270.0,Found,1951.0,36.45,-104.1,"(36.45, -104.1)",New Mexico,United States
Tafoya (b),490.0,Found,1951.0,36.45,-104.1,"(36.45, -104.1)",New Mexico,United States
Taiban,25000.0,Found,1934.0,34.45,-104.01667,"(34.45, -104.01667)",New Mexico,United States
Talpa,13000.0,Found,1963.0,31.86667,-99.58333,"(31.86667, -99.58333)",Texas,United States
Tatum,1787.0,Found,1938.0,33.23333,-103.44167,"(33.23333, -103.44167)",New Mexico,United States
Tazewell,27000.0,Found,1853.0,36.43333,-83.75,"(36.43333, -83.75)",Tennessee,United States
Tell,16600.0,Found,1930.0,34.38333,-100.4,"(34.38333, -100.4)",Texas,United States
Temple,5000.0,Found,1959.0,31.11667,-97.3,"(31.11667, -97.3)",Texas,United States
Teocaltiche,10000.0,Found,1903.0,21.43333,-102.56667,"(21.43333, -102.56667)",Jalisco,México
Texline,26200.0,Found,1937.0,36.4,-103.01667,"(36.4, -103.01667)",Texas,United States
Thomson,218.0,Found,1888.0,33.46667,-82.48333,"(33.46667, -82.48333)",Georgia,United States
Thoreau,500.0,Found,1954.0,35.28333,-108.26667,"(35.28333, -108.26667)",New Mexico,United States
Thurlow,5500.0,Found,1888.0,44.75,-77.58333,"(44.75, -77.58333)",Ontario,Canada
Tlacotepec,71000.0,Found,1903.0,18.65,-97.55,"(18.65, -97.55)",Puebla,México
Tobe,5386.0,Found,1963.0,37.2,-103.58333,"(37.2, -103.58333)",Colorado,United States
Toluca,3000000.0,Found,1776.0,19.56667,-99.56667,"(19.56667, -99.56667)",Unknown,México
Tombigbee River,43000.0,Found,1859.0,32.23333,-88.2,"(32.23333, -88.2)",Alabama,United States
Tomhannock Creek,1500.0,Found,1863.0,42.88333,-73.6,"(42.88333, -73.6)",New York,United States
Tonganoxie,11800.0,Found,1886.0,39.08333,-95.11667,"(39.08333, -95.11667)",Kansas,United States
Toulon,1214.5,Found,1962.0,41.11667,-89.80833,"(41.11667, -89.80833)",Illinois,United States
Travis County (a),175400.0,Found,1889.0,30.3,-97.7,"(30.3, -97.7)",Texas,United States
Travis County (b),5900.0,Found,1889.0,30.55556,-97.95278,"(30.55556, -97.95278)",Texas,United States
Trenton,505000.0,Found,1858.0,43.36667,-88.13333,"(43.36667, -88.13333)",Wisconsin,United States
Tryon,15900.0,Found,1934.0,41.55,-100.96667,"(41.55, -100.96667)",Nebraska,United States
Tucson,975000.0,Found,1850.0,31.85,-110.96667,"(31.85, -110.96667)",Arizona,United States
Tulia (a),86000.0,Found,1917.0,34.61667,-101.95,"(34.61667, -101.95)",Texas,United States
Tulia (b),4800.0,Found,1917.0,34.53333,-101.7,"(34.53333, -101.7)",Texas,United States
Turtle River,22390.0,Found,1953.0,47.6,-94.76667,"(47.6, -94.76667)",Minnesota,United States
Twentynine Palms,19700.0,Found,1944.0,34.075,-116.01667,"(34.075, -116.01667)",California,United States
Twin City,5130.0,Found,1955.0,32.58333,-82.01667,"(32.58333, -82.01667)",Georgia,United States
Two Buttes (a),19700.0,Found,1962.0,37.63333,-102.41667,"(37.63333, -102.41667)",Colorado,United States
Ulysses,3900.0,Found,1927.0,37.6,-101.25,"(37.6, -101.25)",Kansas,United States
Umbarger,13000.0,Found,1954.0,34.95,-102.1175,"(34.95, -102.1175)",Texas,United States
Union County,6800.0,Found,1853.0,34.75,-84.0,"(34.75, -84.0)",Georgia,United States
Ute Creek,1000.0,Found,1936.0,36.2,-103.9,"(36.2, -103.9)",New Mexico,United States
Uvalde,8200.0,Found,1915.0,29.2,-99.76667,"(29.2, -99.76667)",Texas,United States
Uwharrie,72700.0,Found,1930.0,35.51667,-79.96667,"(35.51667, -79.96667)",North Carolina,United States
Valentine,2300.0,Found,1942.0,42.93333,-100.75,"(42.93333, -100.75)",Nebraska,United States
Valley Wells,129.9,Found,1929.0,35.46667,-115.66667,"(35.46667, -115.66667)",California,United States
Ventura,7700.0,Found,1953.0,34.25,-119.3,"(34.25, -119.3)",California,United States
Venus,1013.0,Found,1960.0,32.4,-97.08333,"(32.4, -97.08333)",Texas,United States
Vigo Park,35.0,Found,1934.0,34.68333,-101.38333,"(34.68333, -101.38333)",Texas,United States
Vulcan,19000.0,Found,1962.0,50.51667,-113.13333,"(50.51667, -113.13333)",Alberta,Canada
Waconda,50000.0,Found,1873.0,39.33333,-98.16667,"(39.33333, -98.16667)",Kansas,United States
Wagon Mound,87500.0,Found,1932.0,35.84083,-104.58583,"(35.84083, -104.58583)",New Mexico,United States
Waka,11875.0,Found,1963.0,36.15,-101.05,"(36.15, -101.05)",Texas,United States
Waldo,1300.0,Found,1937.0,39.1,-98.83333,"(39.1, -98.83333)",Kansas,United States
Waldron Ridge,13600.0,Found,1887.0,36.63333,-83.83333,"(36.63333, -83.83333)",Kentucky,United States
Walker County,74800.0,Found,1832.0,34.0,-87.16667,"(34.0, -87.16667)",Alabama,United States
Wallapai,430000.0,Found,1927.0,35.8,-113.7,"(35.8, -113.7)",Arizona,United States
Walltown,1600.0,Found,1956.0,37.325,-84.71667,"(37.325, -84.71667)",Kentucky,United States
Waltman,23410.0,Found,1948.0,43.0,-107.16667,"(43.0, -107.16667)",Wyoming,United States
Washington County,5750.0,Found,1927.0,39.7,-103.16667,"(39.7, -103.16667)",Colorado,United States
Waterville,37125.0,Found,1917.0,47.767778,-119.876389,"(47.767778, -119.876389)",Washington,United States
Wathena,566.0,Found,1939.0,39.81667,-94.91667,"(39.81667, -94.91667)",Kansas,United States
Watonga,5025.0,Found,1960.0,35.833333,-98.4,"(35.833333, -98.4)",Oklahoma,United States
Weatherford,2000.0,Found,1926.0,35.5,-98.7,"(35.5, -98.7)",Oklahoma,United States
Weaver Mountains,38800.0,Found,1898.0,34.25,-112.75,"(34.25, -112.75)",Arizona,United States
Weldona,27700.0,Found,1934.0,40.35,-103.95,"(40.35, -103.95)",Colorado,United States
Welland,8200.0,Found,1888.0,43.01667,-79.21667,"(43.01667, -79.21667)",Ontario,Canada
Wellington,13400.0,Found,1955.0,34.95,-100.25,"(34.95, -100.25)",Texas,United States
Wellman (a),55000.0,Found,1940.0,33.03333,-102.33333,"(33.03333, -102.33333)",Texas,United States
Western Arkansas,1750.0,Found,1890.0,35.0,-94.0,"(35.0, -94.0)",Arkansas,United States
Whitman,221.0,Found,1937.0,42.03333,-101.5,"(42.03333, -101.5)",Nebraska,United States
Wichita County,145000.0,Found,1836.0,34.06667,-98.91667,"(34.06667, -98.91667)",Texas,United States
Wickenburg (stone),9200.0,Found,1940.0,33.96667,-112.73333,"(33.96667, -112.73333)",Arizona,United States
Wilburton,207.8,Found,1940.0,37.08333,-101.76667,"(37.08333, -101.76667)",Kansas,United States
Wiley,3500.0,Found,1938.0,38.15,-102.66667,"(38.15, -102.66667)",Colorado,United States
Willamette,15500000.0,Found,1902.0,45.36667,-122.58333,"(45.36667, -122.58333)",Oregon,United States
Willard (b),12700.0,Found,1934.0,34.5,-105.83333,"(34.5, -105.83333)",New Mexico,United States
Williston,7645.0,Found,1962.0,47.98333,-103.65,"(47.98333, -103.65)",North Dakota,United States
Willow Creek,51000.0,Found,1914.0,43.46667,-106.76667,"(43.46667, -106.76667)",Wyoming,United States
Willowdale,3000.0,Found,1951.0,37.53333,-98.36667,"(37.53333, -98.36667)",Kansas,United States
Wilmot,2000.0,Found,1944.0,37.38333,-96.86667,"(37.38333, -96.86667)",Kansas,United States
Winona,24000.0,Found,1928.0,35.2,-111.4,"(35.2, -111.4)",Arizona,United States
Withrow,8732.0,Found,1950.0,47.70667,-119.83,"(47.70667, -119.83)",Washington,United States
Woodbine,48200.0,Found,1953.0,42.34667,-90.1675,"(42.34667, -90.1675)",Illinois,United States
Wood's Mountain,3867.0,Found,1918.0,35.68333,-82.18333,"(35.68333, -82.18333)",North Carolina,United States
Woodward County,45500.0,Found,1923.0,36.5,-99.5,"(36.5, -99.5)",Oklahoma,United States
Wooster,22700.0,Found,1858.0,40.76667,-81.95,"(40.76667, -81.95)",Ohio,United States
Wray (a),281.7,Found,1936.0,40.05,-102.2,"(40.05, -102.2)",Colorado,United States
Wray (b),3884.0,Found,1938.0,40.33083,-102.19583,"(40.33083, -102.19583)",Colorado,United States
Yanhuitlan,421000.0,Found,1825.0,17.53333,-97.35,"(17.53333, -97.35)",Oaxaca,México
York (iron),835.0,Found,1878.0,40.75,-97.5,"(40.75, -97.5)",Nebraska,United States
York (stone),1440.0,Found,1928.0,40.86667,-97.6,"(40.86667, -97.6)",Nebraska,United States
Yorktown (Texas),3500.0,Found,1957.0,28.95,-97.40278,"(28.95, -97.40278)",Texas,United States
Ysleta,140700.0,Found,1914.0,31.65,-106.18333,"(31.65, -106.18333)",Texas,United States
Zacatecas (1792),1000000.0,Found,1792.0,22.81667,-102.56667,"(22.81667, -102.56667)",Zacatecas,México
Zaffra,3000.0,Found,1919.0,35.0,-94.75,"(35.0, -94.75)",Oklahoma,United States
Zenda,3700.0,Found,1955.0,42.51333,-88.48944,"(42.51333, -88.48944)",Wisconsin,United States
